"case_id","crime_id"
"3359","6855"
"3360","6856"
"3361","6857"
"3361","6858"
"3362","6859"
"3363","6860"
"3364","6861"
"3365","6862"
"3366","6863"
"3367","6864"
"3368","6865"
"3369","6866"
"3370","6867"
"3371","6868"
"3372","6869"
"3373","6870"
"3374","6871"
"3375","6872"
"3376","6873"
"3377","6874"
"3377","6875"
"3378","6876"
"3379","6877"
"3380","6878"
"3381","6879"
"3382","6880"
"3382","6881"
"3383","6882"
"3384","6883"
"3385","6884"
"3386","6885"
"3387","6886"
"3388","6887"
"3389","6888"
"3390","6889"
"3391","6890"
"3392","6891"
"3393","6892"
"3394","6893"
"3395","6894"
"3396","6895"
"3396","6896"
"3397","6897"
"3397","6898"
"3398","6899"
"3398","6900"
"3399","6901"
"3400","6902"
"3400","6903"
"3401","6904"
"3402","6905"
"3402","6906"
"3403","6907"
"3404","6908"
"3405","6909"
"3406","6910"
"3407","6911"
"3408","6912"
"3408","6913"
"3409","6914"
"3409","6915"
"3410","6916"
"3411","6917"
"3412","6918"
"3412","6919"
"3413","6920"
"3414","6921"
"3415","6922"
"3416","6923"
"3417","6924"
"3418","6925"
"3419","6926"
"3420","6927"
"3421","6928"
"3422","6929"
"3422","6930"
"3423","6931"
"3424","6932"
"3424","6933"
"3425","6934"
"3425","6935"
"3426","6936"
"3426","6937"
"3426","6938"
"3427","6939"
"3428","6940"
"3429","6941"
"3430","6942"
"3431","6943"
"3432","6944"
"3432","6945"
"3433","6946"
"3434","6947"
"3435","6948"
"3436","6949"
"3437","6950"
"3438","6951"
"3439","6952"
"3440","6953"
"3441","6954"
"3442","6955"
"3442","6956"
"3442","6957"
"3443","6958"
"3444","6959"
"3445","6960"
"3446","6961"
"3447","6962"
"3448","6963"
"3449","6964"
"3450","6965"
"3451","6966"
"3452","6967"
"3453","6968"
"3454","6969"
"3455","6970"
"3456","6971"
"3457","6972"
"3457","6973"
"3458","6974"
"3459","6975"
"3460","6976"
"3461","6977"
"3462","6978"
"3463","6979"
"3464","6980"
"3465","6981"
"3466","6982"
"3467","6983"
"3468","6984"
"3469","6985"
"3470","6986"
"3471","6987"
"3472","6988"
"3473","6989"
"3474","6990"
"3475","6991"
"3476","6992"
"3477","6993"
"3478","6994"
"3479","6995"
"3479","6996"
"3480","6997"
"3481","6998"
"3482","6999"
"3483","7000"
"3484","7001"
"3485","7002"
"3486","7003"
"3487","7004"
"3488","7005"
"3489","7006"
"3489","7007"
"3490","7008"
"3491","7009"
"3492","7010"
"3493","7011"
"3494","7012"
"3495","7013"
"3496","7014"
"3497","7015"
"3498","7016"
"3499","7017"
"3500","7018"
"3501","7019"
"3502","7020"
"3503","7021"
"3504","7022"
"3505","7023"
"3506","7024"
"3507","7025"
"3508","7026"
"3509","7027"
"3510","7028"
"3511","7029"
"3512","7030"
"3513","7031"
"3514","7032"
"3515","7033"
"3516","7034"
"3517","7035"
"3518","7036"
"3518","7037"
"3519","7038"
"3520","7039"
"3521","7040"
"3522","7041"
"3523","7042"
"3524","7043"
"3525","7044"
"3526","7045"
"3527","7046"
"3528","7047"
"3529","7048"
"3530","7049"
"3531","7050"
"3532","7051"
"3533","7052"
"3534","7053"
"3535","7054"
"3536","7055"
"3537","7056"
"3538","7057"
"3539","7058"
"3539","7059"
"3540","7060"
"3541","7061"
"3542","7062"
"3543","7063"
"3544","7064"
"3545","7065"
"3546","7066"
"3547","7067"
"3548","7068"
"3549","7069"
"3550","7070"
"3551","7071"
"3552","7072"
"3553","7073"
"3554","7074"
"3555","7075"
"3556","7076"
"3557","7077"
"3558","7078"
"3559","7079"
"3560","7080"
"3561","7081"
"3562","7082"
"3563","7083"
"3564","7084"
"3565","7085"
"3566","7086"
"3567","7087"
"3568","7088"
"3569","7089"
"3569","7090"
"3570","7091"
"3571","7092"
"3572","7093"
"3573","7094"
"3574","7095"
"3575","7096"
"3576","7097"
"3577","7098"
"3578","7099"
"3579","7100"
"3580","7101"
"3581","7102"
"3582","7103"
"3582","7104"
"3583","7105"
"3584","7106"
"3585","7107"
"3586","7108"
"3587","7109"
"3588","7110"
"3589","7111"
"3590","7112"
"3591","7113"
"3592","7114"
"3593","7115"
"3594","7116"
"3595","7117"
"3596","7118"
"3597","7119"
"3598","7120"
"3599","7121"
"3600","7122"
"3600","7123"
"3601","7124"
"3602","7125"
"3603","7126"
"3604","7127"
"3605","7128"
"3606","7129"
"3607","7130"
"3608","7131"
"3609","7132"
"3610","7133"
"3611","7134"
"3611","7135"
"3611","7136"
"3612","7137"
"3613","7138"
"3614","7139"
"3615","7140"
"3616","7141"
"3617","7142"
"3618","7143"
"3619","7144"
"3620","7145"
"3621","7146"
"3622","7147"
"3623","7148"
"3624","7149"
"3625","7150"
"3626","7151"
"3627","7152"
"3628","7153"
"3629","7154"
"3630","7155"
"3631","7156"
"3632","7157"
"3633","7158"
"3634","7159"
"3635","7160"
"3636","7161"
"3637","7162"
"3638","7163"
"3639","7164"
"3640","7165"
"3641","7166"
"3642","7167"
"3643","7168"
"3644","7169"
"3645","7170"
"3646","7171"
"3646","7172"
"3647","7173"
"3648","7174"
"3649","7175"
"3650","7176"
"3651","7177"
"3652","7178"
"3653","7179"
"3654","7180"
"3655","7181"
"3656","7182"
"3657","7183"
"3658","7184"
"3659","7185"
"3660","7186"
"3661","7187"
"3662","7188"
"3663","7189"
"3664","7190"
"3665","7191"
"3666","7192"
"3667","7193"
"3668","7194"
"3669","7195"
"3670","7196"
"3671","7197"
"3672","7198"
"3673","7199"
"3674","7200"
"3675","7201"
"3676","7202"
"3677","7203"
"3678","7204"
"3679","7205"
"3680","7206"
"3681","7207"
"3682","7208"
"3683","7209"
"3684","7210"
"3685","7211"
"3686","7212"
"3687","7213"
"3688","7214"
"3689","7215"
"3690","7216"
"3691","7217"
"3692","7218"
"3693","7219"
"3694","7220"
"3695","7221"
"3696","7222"
"3696","7223"
"3696","7224"
"3697","7225"
"3697","7226"
"3698","7227"
"3699","7228"
"3700","7229"
"3701","7230"
"3702","7231"
"3703","7232"
"3704","7233"
"3705","7234"
"3706","7235"
"3707","7236"
"3708","7237"
"3709","7238"
"3710","7239"
"3711","7240"
"3712","7241"
"3713","7242"
"3714","7243"
"3715","7244"
"3716","7245"
"3717","7246"
"3718","7247"
"3719","7248"
"3720","7249"
"3721","7250"
"3722","7251"
"3723","7252"
"3724","7253"
"3725","7254"
"3726","7255"
"3727","7256"
"3728","7257"
"3729","7258"
"3730","7259"
"3731","7260"
"3732","7261"
"3733","7262"
"3734","7263"
"3735","7264"
"3736","7265"
"3737","7266"
"3738","7267"
"3739","7268"
"3740","7269"
"3741","7270"
"3742","7271"
"3743","7272"
"3744","7273"
"3745","7274"
"3746","7275"
"3747","7276"
"3748","7277"
"3749","7278"
"3750","7279"
"3751","7280"
"3752","7281"
"3753","7282"
"3754","7283"
"3755","7284"
"3756","7285"
"3757","7286"
"3758","7287"
"3759","7288"
"3760","7289"
"3761","7290"
"3762","7291"
"3763","7292"
"3764","7293"
"3765","7294"
"3766","7295"
"3767","7296"
"3768","7297"
"3769","7298"
"3770","7299"
"3771","7300"
"3772","7301"
"3773","7302"
"3774","7303"
"3775","7304"
"3776","7305"
"3777","7306"
"3778","7307"
"3778","7308"
"3779","7309"
"3780","7310"
"3781","7311"
"3782","7312"
"3783","7313"
"3784","7314"
"3785","7315"
"3785","7316"
"3786","7317"
"3787","7318"
"3788","7319"
"3789","7320"
"3789","7321"
"3790","7322"
"3791","7323"
"3792","7324"
"3793","7325"
"3794","7326"
"3795","7327"
"3796","7328"
"3797","7329"
"3798","7330"
"3799","7331"
"3800","7332"
"3800","7333"
"3801","7334"
"3802","7335"
"3803","7336"
"3804","7337"
"3805","7338"
"3806","7339"
"3806","7340"
"3807","7341"
"3808","7342"
"3809","7343"
"3810","7344"
"3811","7345"
"3812","7346"
"3813","7347"
"3814","7348"
"3815","7349"
"3816","7350"
"3817","7351"
"3818","7352"
"3819","7353"
"3820","7354"
"3821","7355"
"3822","7356"
"3823","7357"
"3824","7358"
"3825","7359"
"3826","7360"
"3827","7361"
"3828","7362"
"3829","7363"
"3830","7364"
"3831","7365"
"3832","7366"
"3833","7367"
"3834","7368"
"3835","7369"
"3836","7370"
"3837","7371"
"3838","7372"
"3838","7373"
"3839","7374"
"3839","7375"
"3840","7376"
"3840","7377"
"3841","7378"
"3841","7379"
"3841","7380"
"3842","7381"
"3842","7382"
"3843","7383"
"3844","7384"
"3845","7385"
"3846","7386"
"3847","7387"
"3848","7388"
"3849","7389"
"3850","7390"
"3851","7391"
"3851","7392"
"3852","7393"
"3853","7394"
"3854","7395"
"3855","7396"
"3856","7397"
"3857","7398"
"3858","7399"
"3859","7400"
"3860","7401"
"3861","7402"
"3862","7403"
"3863","7404"
"3864","7405"
"3864","7406"
"3865","7407"
"3866","7408"
"3867","7409"
"3868","7410"
"3869","7411"
"3869","7412"
"3870","7413"
"3871","7414"
"3872","7415"
"3873","7416"
"3873","7417"
"3874","7418"
"3875","7419"
"3876","7420"
"3877","7421"
"3878","7422"
"3879","7423"
"3880","7424"
"3881","7425"
"3882","7426"
"3883","7427"
"3883","7428"
"3884","7429"
"3885","7430"
"3886","7431"
"3887","7432"
"3888","7433"
"3889","7434"
"3890","7435"
"3891","7436"
"3892","7437"
"3893","7438"
"3894","7439"
"3895","7440"
"3896","7441"
"3897","7442"
"3898","7443"
"3899","7444"
"3900","7445"
"3901","7446"
"3902","7447"
"3903","7448"
"3904","7449"
"3905","7450"
"3906","7451"
"3907","7452"
"3908","7453"
"3909","7454"
"3910","7455"
"3911","7456"
"3912","7457"
"3913","7458"
"3914","7459"
"3915","7460"
"3916","7461"
"3917","7462"
"3918","7463"
"3919","7464"
"3920","7465"
"3921","7466"
"3922","7467"
"3923","7468"
"3924","7469"
"3925","7470"
"3926","7471"
"3927","7472"
"3928","7473"
"3929","7474"
"3930","7475"
"3931","7476"
"3932","7477"
"3933","7478"
"3934","7479"
"3935","7480"
"3936","7481"
"3937","7482"
"3938","7483"
"3939","7484"
"3940","7485"
"3941","7486"
"3942","7487"
"3943","7488"
"3944","7489"
"3945","7490"
"3946","7491"
"3947","7492"
"3948","7493"
"3949","7494"
"3950","7495"
"3951","7496"
"3952","7497"
"3953","7498"
"3954","7499"
"3955","7500"
"3956","7501"
"3957","7502"
"3957","7503"
"3958","7504"
"3959","7505"
"3960","7506"
"3961","7507"
"3962","7508"
"3963","7509"
"3964","7510"
"3965","7511"
"3966","7512"
"3967","7513"
"3968","7514"
"3968","7515"
"3969","7516"
"3970","7517"
"3971","7518"
"3972","7519"
"3973","7520"
"3974","7521"
"3975","7522"
"3976","7523"
"3977","7524"
"3978","7525"
"3979","7526"
"3980","7527"
"3981","7528"
"3981","7529"
"3982","7530"
"3983","7531"
"3984","7532"
"3985","7533"
"3986","7534"
"3987","7535"
"3988","7536"
"3989","7537"
"3990","7538"
"3991","7539"
"3992","7540"
"3993","7541"
"3994","7542"
"3995","7543"
"3996","7544"
"3997","7545"
"3998","7546"
"3999","7547"
"4000","7548"
"4001","7549"
"4002","7550"
"4003","7551"
"4004","7552"
"4004","7553"
"4005","7554"
"4006","7555"
"4007","7556"
"4008","7557"
"4009","7558"
"4010","7559"
"4011","7560"
"4012","7561"
"4013","7562"
"4014","7563"
"4015","7564"
"4016","7565"
"4017","7566"
"4018","7567"
"4018","7568"
"4019","7569"
"4020","7570"
"4021","7571"
"4022","7572"
"4023","7573"
"4024","7574"
"4025","7575"
"4026","7576"
"4027","7577"
"4028","7578"
"4029","7579"
"4030","7580"
"4031","7581"
"4032","7582"
"4033","7583"
"4034","7584"
"4035","7585"
"4035","7586"
"4036","7587"
"4037","7588"
"4038","7589"
"4039","7590"
"4040","7591"
"4041","7592"
"4042","7593"
"4043","7594"
"4044","7595"
"4045","7596"
"4046","7597"
"4047","7598"
"4048","7599"
"4049","7600"
"4050","7601"
"4051","7602"
"4052","7603"
"4052","7604"
"4053","7605"
"4054","7606"
"4055","7607"
"4056","7608"
"4057","7609"
"4058","7610"
"4059","7611"
"4060","7612"
"4061","7613"
"4062","7614"
"4063","7615"
"4064","7616"
"4065","7617"
"4066","7618"
"4067","7619"
"4068","7620"
"4069","7621"
"4070","7622"
"4071","7623"
"4072","7624"
"4073","7625"
"4074","7626"
"4074","7627"
"4075","7628"
"4075","7629"
"4076","7630"
"4077","7631"
"4077","7632"
"4078","7633"
"4079","7634"
"4080","7635"
"4081","7636"
"4082","7637"
"4083","7638"
"4084","7639"
"4085","7640"
"4086","7641"
"4087","7642"
"4088","7643"
"4089","7644"
"4090","7645"
"4091","7646"
"4092","7647"
"4093","7648"
"4094","7649"
"4095","7650"
"4096","7651"
"4097","7652"
"4098","7653"
"4099","7654"
"4100","7655"
"4101","7656"
"4102","7657"
"4103","7658"
"4104","7659"
"4105","7660"
"4106","7661"
"4107","7662"
"4108","7663"
"4109","7664"
"4110","7665"
"4111","7666"
"4112","7667"
"4112","7668"
"4113","7669"
"4114","7670"
"4115","7671"
"4116","7672"
"4117","7673"
"4118","7674"
"4119","7675"
"4120","7676"
"4121","7677"
"4122","7678"
"4123","7679"
"4124","7680"
"4125","7681"
"4126","7682"
"4127","7683"
"4128","7684"
"4129","7685"
"4130","7686"
"4131","7687"
"4132","7688"
"4133","7689"
"4133","7690"
"4134","7691"
"4135","7692"
"4136","7693"
"4137","7694"
"4138","7695"
"4139","7696"
"4140","7697"
"4141","7698"
"4142","7699"
"4143","7700"
"4144","7701"
"4145","7702"
"4146","7703"
"4147","7704"
"4148","7705"
"4149","7706"
"4150","7707"
"4151","7708"
"4152","7709"
"4153","7710"
"4154","7711"
"4155","7712"
"4156","7713"
"4156","7714"
"4157","7715"
"4158","7716"
"4159","7717"
"4160","7718"
"4161","7719"
"4162","7720"
"4163","7721"
"4164","7722"
"4165","7723"
"4166","7724"
"4167","7725"
"4168","7726"
"4169","7727"
"4170","7728"
"4171","7729"
"4172","7730"
"4173","7731"
"4174","7732"
"4175","7733"
"4176","7734"
"4177","7735"
"4178","7736"
"4179","7737"
"4180","7738"
"4181","7739"
"4182","7740"
"4183","7741"
"4183","7742"
"4184","7743"
"4185","7744"
"4186","7745"
"4187","7746"
"4188","7747"
"4189","7748"
"4190","7749"
"4191","7750"
"4192","7751"
"4193","7752"
"4194","7753"
"4195","7754"
"4196","7755"
"4197","7756"
"4198","7757"
"4199","7758"
"4200","7759"
"4201","7760"
"4202","7761"
"4203","7762"
"4204","7763"
"4205","7764"
"4206","7765"
"4207","7766"
"4208","7767"
"4209","7768"
"4210","7769"
"4211","7770"
"4212","7771"
"4213","7772"
"4214","7773"
"4215","7774"
"4216","7775"
"4217","7776"
"4218","7777"
"4219","7778"
"4220","7779"
"4221","7780"
"4222","7781"
"4223","7782"
"4224","7783"
"4225","7784"
"4226","7785"
"4227","7786"
"4228","7787"
"4229","7788"
"4230","7789"
"4231","7790"
"4232","7791"
"4233","7792"
"4233","7793"
"4233","7794"
"4234","7795"
"4235","7796"
"4236","7797"
"4237","7798"
"4238","7799"
"4239","7800"
"4240","7801"
"4241","7802"
"4242","7803"
"4243","7804"
"4244","7805"
"4245","7806"
"4246","7807"
"4247","7808"
"4248","7809"
"4249","7810"
"4250","7811"
"4251","7812"
"4252","7813"
"4253","7814"
"4254","7815"
"4255","7816"
"4256","7817"
"4257","7818"
"4258","7819"
"4259","7820"
"4260","7821"
"4261","7822"
"4262","7823"
"4263","7824"
"4264","7825"
"4265","7826"
"4266","7827"
"4266","7828"
"4267","7829"
"4268","7830"
"4269","7831"
"4270","7832"
"4271","7833"
"4272","7834"
"4273","7835"
"4274","7836"
"4275","7837"
"4276","7838"
"4277","7839"
"4278","7840"
"4279","7841"
"4280","7842"
"4281","7843"
"4282","7844"
"4283","7845"
"4284","7846"
"4284","7847"
"4285","7848"
"4286","7849"
"4286","7850"
"4287","7851"
"4288","7852"
"4289","7853"
"4290","7854"
"4291","7855"
"4292","7856"
"4292","7857"
"4293","7858"
"4294","7859"
"4295","7860"
"4296","7861"
"4297","7862"
"4297","7863"
"4298","7864"
"4299","7865"
"4300","7866"
"4301","7867"
"4302","7868"
"4303","7869"
"4304","7870"
"4304","7871"
"4305","7872"
"4305","7873"
"4306","7874"
"4307","7875"
"4308","7876"
"4309","7877"
"4310","7878"
"4311","7879"
"4312","7880"
"4313","7881"
"4314","7882"
"4315","7883"
"4316","7884"
"4317","7885"
"4318","7886"
"4319","7887"
"4320","7888"
"4321","7889"
"4322","7890"
"4323","7891"
"4324","7892"
"4325","7893"
"4326","7894"
"4327","7895"
"4328","7896"
"4329","7897"
"4330","7898"
"4331","7899"
"4332","7900"
"4333","7901"
"4334","7902"
"4335","7903"
"4336","7904"
"4337","7905"
"4338","7906"
"4339","7907"
"4340","7908"
"4341","7909"
"4342","7910"
"4343","7911"
"4344","7912"
"4345","7913"
"4346","7914"
"4347","7915"
"4348","7916"
"4349","7917"
"4350","7918"
"4351","7919"
"4352","7920"
"4353","7921"
"4354","7922"
"4355","7923"
"4356","7924"
"4357","7925"
"4358","7926"
"4359","7927"
"4360","7928"
"4361","7929"
"4362","7930"
"4363","7931"
"4364","7932"
"4365","7933"
"4366","7934"
"4367","7935"
"4368","7936"
"4369","7937"
"4370","7938"
"4371","7939"
"4371","7940"
"4372","7941"
"4373","7942"
"4374","7943"
"4375","7944"
"4376","7945"
"4377","7946"
"4378","7947"
"4379","7948"
"4380","7949"
"4381","7950"
"4382","7951"
"4383","7952"
"4384","7953"
"4385","7954"
"4386","7955"
"4387","7956"
"4388","7957"
"4389","7958"
"4390","7959"
"4391","7960"
"4392","7961"
"4393","7962"
"4394","7963"
"4395","7964"
"4396","7965"
"4397","7966"
"4398","7967"
"4399","7968"
"4400","7969"
"4401","7970"
"4402","7971"
"4403","7972"
"4404","7973"
"4405","7974"
"4406","7975"
"4407","7976"
"4408","7977"
"4409","7978"
"4410","7979"
"4411","7980"
"4412","7981"
"4413","7982"
"4414","7983"
"4415","7984"
"4416","7985"
"4417","7986"
"4418","7987"
"4419","7988"
"4420","7989"
"4421","7990"
"4422","7991"
"4423","7992"
"4424","7993"
"4425","7994"
"4426","7995"
"4427","7996"
"4428","7997"
"4429","7998"
"4430","7999"
"4431","8000"
"4432","8001"
"4433","8002"
"4434","8003"
"4435","8004"
"4436","8005"
"4437","8006"
"4438","8007"
"4439","8008"
"4440","8009"
"4441","8010"
"4442","8011"
"4443","8012"
"4444","8013"
"4445","8014"
"4446","8015"
"4447","8016"
"4448","8017"
"4449","8018"
"4450","8019"
"4451","8020"
"4452","8021"
"4453","8022"
"4453","8023"
"4454","8024"
"4455","8025"
"4456","8026"
"4457","8027"
"4458","8028"
"4459","8029"
"4460","8030"
"4461","8031"
"4462","8032"
"4463","8033"
"4464","8034"
"4465","8035"
"4466","8036"
"4467","8037"
"4468","8038"
"4469","8039"
"4470","8040"
"4471","8041"
"4472","8042"
"4472","8043"
"4473","8044"
"4474","8045"
"4475","8046"
"4476","8047"
"4477","8048"
"4478","8049"
"4479","8050"
"4480","8051"
"4480","8052"
"4481","8053"
"4482","8054"
"4483","8055"
"4484","8056"
"4485","8057"
"4486","8058"
"4487","8059"
"4488","8060"
"4489","8061"
"4490","8062"
"4491","8063"
"4492","8064"
"4493","8065"
"4494","8066"
"4495","8067"
"4496","8068"
"4496","8069"
"4496","8070"
"4497","8071"
"4498","8072"
"4499","8073"
"4500","8074"
"4501","8075"
"4502","8076"
"4503","8077"
"4504","8078"
"4505","8079"
"4506","8080"
"4507","8081"
"4508","8082"
"4509","8083"
"4510","8084"
"4511","8085"
"4512","8086"
"4513","8087"
"4513","8088"
"4514","8089"
"4515","8090"
"4516","8091"
"4516","8092"
"4517","8093"
"4518","8094"
"4519","8095"
"4520","8096"
"4521","8097"
"4522","8098"
"4523","8099"
"4524","8100"
"4525","8101"
"4526","8102"
"4527","8103"
"4528","8104"
"4529","8105"
"4530","8106"
"4531","8107"
"4532","8108"
"4533","8109"
"4534","8110"
"4535","8111"
"4536","8112"
"4537","8113"
"4538","8114"
"4539","8115"
"4540","8116"
"4541","8117"
"4542","8118"
"4543","8119"
"4544","8120"
"4545","8121"
"4546","8122"
"4547","8123"
"4548","8124"
"4549","8125"
"4550","8126"
"4551","8127"
"4552","8128"
"4553","8129"
"4554","8130"
"4555","8131"
"4556","8132"
"4557","8133"
"4558","8134"
"4559","8135"
"4560","8136"
"4561","8137"
"4562","8138"
"4563","8139"
"4564","8140"
"4565","8141"
"4566","8142"
"4567","8143"
"4568","8144"
"4569","8145"
"4570","8146"
"4571","8147"
"4572","8148"
"4573","8149"
"4574","8150"
"4575","8151"
"4576","8152"
"4577","8153"
"4578","8154"
"4579","8155"
"4580","8156"
"4581","8157"
"4582","8158"
"4583","8159"
"4584","8160"
"4585","8161"
"4586","8162"
"4587","8163"
"4588","8164"
"4589","8165"
"4590","8166"
"4591","8167"
"4592","8168"
"4593","8169"
"4594","8170"
"4595","8171"
"4596","8172"
"4597","8173"
"4598","8174"
"4599","8175"
"4600","8176"
"4601","8177"
"4602","8178"
"4603","8179"
"4604","8180"
"4605","8181"
"4606","8182"
"4607","8183"
"4608","8184"
"4609","8185"
"4610","8186"
"4611","8187"
"4612","8188"
"4613","8189"
"4614","8190"
"4615","8191"
"4616","8192"
"4617","8193"
"4618","8194"
"4618","8195"
"4619","8196"
"4620","8197"
"4621","8198"
"4622","8199"
"4622","8200"
"4623","8201"
"4624","8202"
"4625","8203"
"4626","8204"
"4627","8205"
"4628","8206"
"4629","8207"
"4630","8208"
"4631","8209"
"4632","8210"
"4633","8211"
"4633","8212"
"4634","8213"
"4635","8214"
"4636","8215"
"4637","8216"
"4637","8217"
"4638","8218"
"4639","8219"
"4640","8220"
"4641","8221"
"4642","8222"
"4643","8223"
"4644","8224"
"4645","8225"
"4646","8226"
"4647","8227"
"4648","8228"
"4649","8229"
"4650","8230"
"4650","8231"
"4651","8232"
"4652","8233"
"4653","8234"
"4654","8235"
"4654","8236"
"4655","8237"
"4656","8238"
"4657","8239"
"4657","8240"
"4658","8241"
"4659","8242"
"4660","8243"
"4661","8244"
"4662","8245"
"4662","8246"
"4663","8247"
"4664","8248"
"4665","8249"
"4666","8250"
"4667","8251"
"4668","8252"
"4669","8253"
"4670","8254"
"4671","8255"
"4672","8256"
"4673","8257"
"4674","8258"
"4674","8259"
"4675","8260"
"4676","8261"
"4677","8262"
"4678","8263"
"4679","8264"
"4680","8265"
"4680","8266"
"4681","8267"
"4682","8268"
"4683","8269"
"4684","8270"
"4685","8271"
"4686","8272"
"4687","8273"
"4688","8274"
"4689","8275"
"4690","8276"
"4691","8277"
"4692","8278"
"4693","8279"
"4693","8280"
"4694","8281"
"4695","8282"
"4695","8283"
"4696","8284"
"4696","8285"
"4697","8286"
"4698","8287"
"4699","8288"
"4700","8289"
"4701","8290"
"4702","8291"
"4703","8292"
"4704","8293"
"4705","8294"
"4706","8295"
"4707","8296"
"4708","8297"
"4709","8298"
"4709","8299"
"4710","8300"
"4711","8301"
"4712","8302"
"4713","8303"
"4714","8304"
"4715","8305"
"4716","8306"
"4717","8307"
"4718","8308"
"4719","8309"
"4720","8310"
"4721","8311"
"4722","8312"
"4723","8313"
"4724","8314"
"4725","8315"
"4726","8316"
"4727","8317"
"4728","8318"
"4729","8319"
"4730","8320"
"4731","8321"
"4731","8322"
"4732","8323"
"4733","8324"
"4734","8325"
"4735","8326"
"4736","8327"
"4737","8328"
"4738","8329"
"4739","8330"
"4740","8331"
"4741","8332"
"4742","8333"
"4743","8334"
"4744","8335"
"4745","8336"
"4746","8337"
"4747","8338"
"4748","8339"
"4749","8340"
"4749","8341"
"4750","8342"
"4751","8343"
"4752","8344"
"4753","8345"
"4754","8346"
"4755","8347"
"4756","8348"
"4757","8349"
"4758","8350"
"4759","8351"
"4760","8352"
"4761","8353"
"4762","8354"
"4763","8355"
"4764","8356"
"4765","8357"
"4766","8358"
"4767","8359"
"4768","8360"
"4769","8361"
"4770","8362"
"4771","8363"
"4772","8364"
"4773","8365"
"4774","8366"
"4775","8367"
"4776","8368"
"4777","8369"
"4777","8370"
"4778","8371"
"4778","8372"
"4779","8373"
"4780","8374"
"4781","8375"
"4782","8376"
"4783","8377"
"4784","8378"
"4785","8379"
"4786","8380"
"4787","8381"
"4788","8382"
"4789","8383"
"4790","8384"
"4791","8385"
"4792","8386"
"4793","8387"
"4794","8388"
"4795","8389"
"4796","8390"
"4797","8391"
"4798","8392"
"4799","8393"
"4800","8394"
"4800","8395"
"4801","8396"
"4801","8397"
"4802","8398"
"4803","8399"
"4804","8400"
"4805","8401"
"4806","8402"
"4807","8403"
"4808","8404"
"4809","8405"
"4809","8406"
"4810","8407"
"4810","8408"
"4811","8409"
"4812","8410"
"4813","8411"
"4814","8412"
"4815","8413"
"4816","8414"
"4817","8415"
"4818","8416"
"4819","8417"
"4820","8418"
"4821","8419"
"4822","8420"
"4822","8421"
"4822","8422"
"4823","8423"
"4824","8424"
"4825","8425"
"4826","8426"
"4827","8427"
"4828","8428"
"4829","8429"
"4830","8430"
"4831","8431"
"4832","8432"
"4833","8433"
"4834","8434"
"4835","8435"
"4836","8436"
"4837","8437"
"4838","8438"
"4839","8439"
"4840","8440"
"4841","8441"
"4842","8442"
"4843","8443"
"4844","8444"
"4845","8445"
"4846","8446"
"4847","8447"
"4848","8448"
"4849","8449"
"4850","8450"
"4851","8451"
"4852","8452"
"4853","8453"
"4854","8454"
"4855","8455"
"4856","8456"
"4857","8457"
"4858","8458"
"4859","8459"
"4860","8460"
"4861","8461"
"4862","8462"
"4863","8463"
"4864","8464"
"4865","8465"
"4866","8466"
"4867","8467"
"4868","8468"
"4869","8469"
"4870","8470"
"4871","8471"
"4872","8472"
"4873","8473"
"4874","8474"
"4875","8475"
"4876","8476"
"4877","8477"
"4878","8478"
"4879","8479"
"4880","8480"
"4881","8481"
"4882","8482"
"4883","8483"
"4884","8484"
"4885","8485"
"4886","8486"
"4887","8487"
"4888","8488"
"4889","8489"
"4890","8490"
"4891","8491"
"4892","8492"
"4893","8493"
"4894","8494"
"4895","8495"
"4896","8496"
"4897","8497"
"4898","8498"
"4899","8499"
"4900","8500"
"4901","8501"
"4902","8502"
"4903","8503"
"4904","8504"
"4905","8505"
"4906","8506"
"4907","8507"
"4908","8508"
"4909","8509"
"4910","8510"
"4911","8511"
"4912","8512"
"4913","8513"
"4914","8514"
"4915","8515"
"4916","8516"
"4917","8517"
"4918","8518"
"4919","8519"
"4920","8520"
"4921","8521"
"4921","8522"
"4922","8523"
"4923","8524"
"4924","8525"
"4925","8526"
"4926","8527"
"4927","8528"
"4928","8529"
"4929","8530"
"4930","8531"
"4931","8532"
"4932","8533"
"4933","8534"
"4934","8535"
"4935","8536"
"4935","8537"
"4936","8538"
"4937","8539"
"4938","8540"
"4938","8541"
"4938","8542"
"4938","8543"
"4939","8544"
"4940","8545"
"4941","8546"
"4942","8547"
"4943","8548"
"4944","8549"
"4945","8550"
"4945","8551"
"4946","8552"
"4947","8553"
"4948","8554"
"4949","8555"
"4950","8556"
"4950","8557"
"4951","8558"
"4951","8559"
"4952","8560"
"4953","8561"
"4953","8562"
"4954","8563"
"4955","8564"
"4956","8565"
"4957","8566"
"4958","8567"
"4959","8568"
"4960","8569"
"4961","8570"
"4962","8571"
"4963","8572"
"4964","8573"
"4965","8574"
"4966","8575"
"4967","8576"
"4968","8577"
"4969","8578"
"4970","8579"
"4971","8580"
"4972","8581"
"4973","8582"
"4974","8583"
"4975","8584"
"4976","8585"
"4977","8586"
"4978","8587"
"4979","8588"
"4979","8589"
"4980","8590"
"4981","8591"
"4982","8592"
"4983","8593"
"4984","8594"
"4985","8595"
"4986","8596"
"4987","8597"
"4988","8598"
"4989","8599"
"4990","8600"
"4991","8601"
"4991","8602"
"4992","8603"
"4993","8604"
"4994","8605"
"4995","8606"
"4996","8607"
"4997","8608"
"4998","8609"
"4999","8610"
"5000","8611"
"5001","8612"
"5002","8613"
"5003","8614"
"5004","8615"
"5005","8616"
"5006","8617"
"5007","8618"
"5008","8619"
"5009","8620"
"5010","8621"
"5011","8622"
"5012","8623"
"5013","8624"
"5014","8625"
"5015","8626"
"5016","8627"
"5017","8628"
"5018","8629"
"5019","8630"
"5020","8631"
"5021","8632"
"5022","8633"
"5023","8634"
"5024","8635"
"5025","8636"
"5026","8637"
"5027","8638"
"5028","8639"
"5029","8640"
"5030","8641"
"5031","8642"
"5032","8643"
"5033","8644"
"5034","8645"
"5035","8646"
"5036","8647"
"5037","8648"
"5038","8649"
"5039","8650"
"5040","8651"
"5041","8652"
"5042","8653"
"5043","8654"
"5044","8655"
"5045","8656"
"5046","8657"
"5047","8658"
"5048","8659"
"5049","8660"
"5050","8661"
"5051","8662"
"5052","8663"
"5053","8664"
"5054","8665"
"5055","8666"
"5056","8667"
"5057","8668"
"5058","8669"
"5059","8670"
"5060","8671"
"5061","8672"
"5062","8673"
"5063","8674"
"5064","8675"
"5065","8676"
"5066","8677"
"5067","8678"
"5067","8679"
"5068","8680"
"5069","8681"
"5070","8682"
"5071","8683"
"5072","8684"
"5073","8685"
"5074","8686"
"5075","8687"
"5076","8688"
"5077","8689"
"5078","8690"
"5079","8691"
"5080","8692"
"5081","8693"
"5082","8694"
"5083","8695"
"5084","8696"
"5085","8697"
"5086","8698"
"5087","8699"
"5088","8700"
"5089","8701"
"5090","8702"
"5091","8703"
"5092","8704"
"5093","8705"
"5094","8706"
"5094","8707"
"5095","8708"
"5096","8709"
"5097","8710"
"5098","8711"
"5099","8712"
"5100","8713"
"5101","8714"
"5102","8715"
"5103","8716"
"5104","8717"
"5105","8718"
"5105","8719"
"5106","8720"
"5107","8721"
"5108","8722"
"5109","8723"
"5110","8724"
"5111","8725"
"5112","8726"
"5113","8727"
"5114","8728"
"5115","8729"
"5116","8730"
"5117","8731"
"5118","8732"
"5119","8733"
"5120","8734"
"5121","8735"
"5122","8736"
"5123","8737"
"5124","8738"
"5125","8739"
"5126","8740"
"5127","8741"
"5128","8742"
"5129","8743"
"5130","8744"
"5131","8745"
"5132","8746"
"5132","8747"
"5133","8748"
"5134","8749"
"5135","8750"
"5136","8751"
"5137","8752"
"5138","8753"
"5139","8754"
"5140","8755"
"5141","8756"
"5142","8757"
"5143","8758"
"5144","8759"
"5144","8760"
"5145","8761"
"5146","8762"
"5147","8763"
"5148","8764"
"5148","8765"
"5149","8766"
"5150","8767"
"5151","8768"
"5152","8769"
"5153","8770"
"5154","8771"
"5155","8772"
"5156","8773"
"5157","8774"
"5158","8775"
"5159","8776"
"5160","8777"
"5161","8778"
"5162","8779"
"5163","8780"
"5164","8781"
"5165","8782"
"5166","8783"
"5167","8784"
"5168","8785"
"5169","8786"
"5170","8787"
"5171","8788"
"5172","8789"
"5173","8790"
"5174","8791"
"5175","8792"
"5176","8793"
"5177","8794"
"5178","8795"
"5179","8796"
"5180","8797"
"5181","8798"
"5182","8799"
"5183","8800"
"5184","8801"
"5185","8802"
"5186","8803"
"5187","8804"
"5188","8805"
"5189","8806"
"5190","8807"
"5191","8808"
"5192","8809"
"5193","8810"
"5194","8811"
"5194","8812"
"5195","8813"
"5196","8814"
"5197","8815"
"5198","8816"
"5199","8817"
"5200","8818"
"5201","8819"
"5202","8820"
"5203","8821"
"5204","8822"
"5205","8823"
"5206","8824"
"5207","8825"
"5207","8826"
"5208","8827"
"5209","8828"
"5210","8829"
"5211","8830"
"5212","8831"
"5213","8832"
"5214","8833"
"5215","8834"
"5216","8835"
"5217","8836"
"5218","8837"
"5219","8838"
"5220","8839"
"5221","8840"
"5222","8841"
"5223","8842"
"5224","8843"
"5225","8844"
"5226","8845"
"5227","8846"
"5228","8847"
"5229","8848"
"5230","8849"
"5231","8850"
"5232","8851"
"5233","8852"
"5234","8853"
"5235","8854"
"5236","8855"
"5237","8856"
"5238","8857"
"5239","8858"
"5240","8859"
"5241","8860"
"5242","8861"
"5243","8862"
"5244","8863"
"5244","8864"
"5245","8865"
"5246","8866"
"5247","8867"
"5248","8868"
"5249","8869"
"5250","8870"
"5251","8871"
"5252","8872"
"5253","8873"
"5254","8874"
"5255","8875"
"5256","8876"
"5257","8877"
"5258","8878"
"5259","8879"
"5260","8880"
"5261","8881"
"5262","8882"
"5263","8883"
"5264","8884"
"5265","8885"
"5266","8886"
"5267","8887"
"5268","8888"
"5269","8889"
"5270","8890"
"5271","8891"
"5272","8892"
"5273","8893"
"5274","8894"
"5275","8895"
"5276","8896"
"5277","8897"
"5278","8898"
"5279","8899"
"5280","8900"
"5280","8901"
"5281","8902"
"5282","8903"
"5283","8904"
"5284","8905"
"5285","8906"
"5286","8907"
"5287","8908"
"5288","8909"
"5289","8910"
"5290","8911"
"5291","8912"
"5292","8913"
"5293","8914"
"5294","8915"
"5294","8916"
"5295","8917"
"5295","8918"
"5296","8919"
"5297","8920"
"5298","8921"
"5299","8922"
"5300","8923"
"5301","8924"
"5302","8925"
"5303","8926"
"5304","8927"
"5305","8928"
"5306","8929"
"5307","8930"
"5308","8931"
"5309","8932"
"5310","8933"
"5310","8934"
"5311","8935"
"5311","8936"
"5312","8937"
"5313","8938"
"5314","8939"
"5315","8940"
"5316","8941"
"5317","8942"
"5318","8943"
"5319","8944"
"5320","8945"
"5321","8946"
"5322","8947"
"5323","8948"
"5324","8949"
"5325","8950"
"5326","8951"
"5327","8952"
"5328","8953"
"5329","8954"
"5330","8955"
"5331","8956"
"5331","8957"
"5332","8958"
"5333","8959"
"5334","8960"
"5335","8961"
"5336","8962"
"5337","8963"
"5338","8964"
"5339","8965"
"5340","8966"
"5341","8967"
"5342","8968"
"5343","8969"
"5344","8970"
"5345","8971"
"5346","8972"
"5347","8973"
"5348","8974"
"5349","8975"
"5350","8976"
"5351","8977"
"5352","8978"
"5353","8979"
"5354","8980"
"5355","8981"
"5356","8982"
"5357","8983"
"5358","8984"
"5358","8985"
"5359","8986"
"5360","8987"
"5361","8988"
"5362","8989"
"5363","8990"
"5364","8991"
"5365","8992"
"5366","8993"
"5367","8994"
"5368","8995"
"5369","8996"
"5370","8997"
"5371","8998"
"5372","8999"
"5373","9000"
"5374","9001"
"5375","9002"
"5376","9003"
"5377","9004"
"5378","9005"
"5379","9006"
"5380","9007"
"5381","9008"
"5382","9009"
"5383","9010"
"5384","9011"
"5385","9012"
"5386","9013"
"5387","9014"
"5388","9015"
"5389","9016"
"5390","9017"
"5391","9018"
"5392","9019"
"5393","9020"
"5394","9021"
"5395","9022"
"5396","9023"
"5397","9024"
"5398","9025"
"5399","9026"
"5400","9027"
"5401","9028"
"5402","9029"
"5403","9030"
"5404","9031"
"5405","9032"
"5406","9033"
"5407","9034"
"5408","9035"
"5409","9036"
"5410","9037"
"5411","9038"
"5412","9039"
"5413","9040"
"5413","9041"
"5414","9042"
"5415","9043"
"5416","9044"
"5417","9045"
"5418","9046"
"5419","9047"
"5420","9048"
"5421","9049"
"5422","9050"
"5423","9051"
"5424","9052"
"5425","9053"
"5426","9054"
"5427","9055"
"5428","9056"
"5429","9057"
"5430","9058"
"5430","9059"
"5431","9060"
"5432","9061"
"5433","9062"
"5434","9063"
"5435","9064"
"5436","9065"
"5437","9066"
"5438","9067"
"5439","9068"
"5440","9069"
"5441","9070"
"5442","9071"
"5443","9072"
"5444","9073"
"5445","9074"
"5446","9075"
"5447","9076"
"5448","9077"
"5449","9078"
"5450","9079"
"5451","9080"
"5452","9081"
"5453","9082"
"5454","9083"
"5454","9084"
"5455","9085"
"5456","9086"
"5457","9087"
"5458","9088"
"5459","9089"
"5460","9090"
"5461","9091"
"5462","9092"
"5463","9093"
"5464","9094"
"5464","9095"
"5465","9096"
"5465","9097"
"5466","9098"
"5467","9099"
"5468","9100"
"5469","9101"
"5470","9102"
"5471","9103"
"5472","9104"
"5473","9105"
"5474","9106"
"5475","9107"
"5475","9108"
"5476","9109"
"5477","9110"
"5478","9111"
"5479","9112"
"5480","9113"
"5481","9114"
"5482","9115"
"5482","9116"
"5483","9117"
"5484","9118"
"5485","9119"
"5486","9120"
"5487","9121"
"5488","9122"
"5488","9123"
"5489","9124"
"5490","9125"
"5491","9126"
"5492","9127"
"5493","9128"
"5494","9129"
"5495","9130"
"5496","9131"
"5497","9132"
"5498","9133"
"5499","9134"
"5500","9135"
"5501","9136"
"5502","9137"
"5503","9138"
"5504","9139"
"5505","9140"
"5506","9141"
"5507","9142"
"5508","9143"
"5509","9144"
"5510","9145"
"5511","9146"
"5512","9147"
"5513","9148"
"5514","9149"
"5515","9150"
"5516","9151"
"5517","9152"
"5518","9153"
"5519","9154"
"5520","9155"
"5521","9156"
"5522","9157"
"5523","9158"
"5524","9159"
"5525","9160"
"5525","9161"
"5526","9162"
"5526","9163"
"5527","9164"
"5528","9165"
"5529","9166"
"5530","9167"
"5530","9168"
"5531","9169"
"5532","9170"
"5533","9171"
"5534","9172"
"5535","9173"
"5536","9174"
"5537","9175"
"5538","9176"
"5539","9177"
"5539","9178"
"5540","9179"
"5540","9180"
"5541","9181"
"5542","9182"
"5543","9183"
"5544","9184"
"5544","9185"
"5545","9186"
"5546","9187"
"5547","9188"
"5548","9189"
"5549","9190"
"5550","9191"
"5551","9192"
"5552","9193"
"5553","9194"
"5554","9195"
"5555","9196"
"5556","9197"
"5557","9198"
"5558","9199"
"5559","9200"
"5560","9201"
"5561","9202"
"5562","9203"
"5562","9204"
"5563","9205"
"5564","9206"
"5565","9207"
"5566","9208"
"5567","9209"
"5568","9210"
"5569","9211"
"5570","9212"
"5571","9213"
"5572","9214"
"5573","9215"
"5573","9216"
"5574","9217"
"5575","9218"
"5576","9219"
"5577","9220"
"5578","9221"
"5579","9222"
"5580","9223"
"5581","9224"
"5582","9225"
"5583","9226"
"5584","9227"
"5585","9228"
"5585","9229"
"5586","9230"
"5587","9231"
"5588","9232"
"5589","9233"
"5590","9234"
"5591","9235"
"5592","9236"
"5593","9237"
"5594","9238"
"5595","9239"
"5596","9240"
"5597","9241"
"5598","9242"
"5599","9243"
"5600","9244"
"5601","9245"
"5602","9246"
"5602","9247"
"5603","9248"
"5604","9249"
"5604","9250"
"5605","9251"
"5605","9252"
"5606","9253"
"5607","9254"
"5608","9255"
"5609","9256"
"5609","9257"
"5610","9258"
"5610","9259"
"5611","9260"
"5612","9261"
"5612","9262"
"5613","9263"
"5613","9264"
"5614","9265"
"5615","9266"
"5616","9267"
"5617","9268"
"5618","9269"
"5619","9270"
"5620","9271"
"5621","9272"
"5622","9273"
"5622","9274"
"5623","9275"
"5624","9276"
"5625","9277"
"5626","9278"
"5627","9279"
"5628","9280"
"5629","9281"
"5630","9282"
"5630","9283"
"5631","9284"
"5632","9285"
"5633","9286"
"5634","9287"
"5635","9288"
"5636","9289"
"5637","9290"
"5638","9291"
"5639","9292"
"5640","9293"
"5641","9294"
"5642","9295"
"5643","9296"
"5644","9297"
"5645","9298"
"5646","9299"
"5647","9300"
"5648","9301"
"5649","9302"
"5650","9303"
"5651","9304"
"5652","9305"
"5653","9306"
"5653","9307"
"5654","9308"
"5655","9309"
"5656","9310"
"5657","9311"
"5658","9312"
"5659","9313"
"5660","9314"
"5661","9315"
"5661","9316"
"5662","9317"
"5663","9318"
"5664","9319"
"5665","9320"
"5666","9321"
"5667","9322"
"5668","9323"
"5668","9324"
"5669","9325"
"5670","9326"
"5671","9327"
"5672","9328"
"5673","9329"
"5673","9330"
"5674","9331"
"5675","9332"
"5676","9333"
"5677","9334"
"5678","9335"
"5679","9336"
"5680","9337"
"5681","9338"
"5682","9339"
"5682","9340"
"5682","9341"
"5683","9342"
"5683","9343"
"5684","9344"
"5685","9345"
"5685","9346"
"5686","9347"
"5687","9348"
"5687","9349"
"5688","9350"
"5689","9351"
"5690","9352"
"5691","9353"
"5692","9354"
"5693","9355"
"5694","9356"
"5695","9357"
"5696","9358"
"5697","9359"
"5698","9360"
"5699","9361"
"5700","9362"
"5701","9363"
"5702","9364"
"5703","9365"
"5704","9366"
"5705","9367"
"5706","9368"
"5707","9369"
"5708","9370"
"5709","9371"
"5710","9372"
"5711","9373"
"5712","9374"
"5713","9375"
"5714","9376"
"5715","9377"
"5716","9378"
"5717","9379"
"5718","9380"
"5719","9381"
"5720","9382"
"5721","9383"
"5721","9384"
"5722","9385"
"5723","9386"
"5724","9387"
"5725","9388"
"5726","9389"
"5727","9390"
"5728","9391"
"5729","9392"
"5730","9393"
"5731","9394"
"5732","9395"
"5733","9396"
"5734","9397"
"5735","9398"
"5736","9399"
"5737","9400"
"5738","9401"
"5739","9402"
"5740","9403"
"5741","9404"
"5742","9405"
"5743","9406"
"5744","9407"
"5745","9408"
"5746","9409"
"5747","9410"
"5748","9411"
"5748","9412"
"5749","9413"
"5750","9414"
"5751","9415"
"5752","9416"
"5753","9417"
"5754","9418"
"5755","9419"
"5756","9420"
"5756","9421"
"5757","9422"
"5757","9423"
"5758","9424"
"5758","9425"
"5759","9426"
"5760","9427"
"5761","9428"
"5762","9429"
"5763","9430"
"5763","9431"
"5764","9432"
"5765","9433"
"5766","9434"
"5767","9435"
"5768","9436"
"5769","9437"
"5770","9438"
"5771","9439"
"5772","9440"
"5773","9441"
"5774","9442"
"5775","9443"
"5776","9444"
"5776","9445"
"5777","9446"
"5778","9447"
"5779","9448"
"5780","9449"
"5781","9450"
"5782","9451"
"5783","9452"
"5784","9453"
"5785","9454"
"5786","9455"
"5786","9456"
"5787","9457"
"5788","9458"
"5788","9459"
"5789","9460"
"5790","9461"
"5791","9462"
"5792","9463"
"5793","9464"
"5794","9465"
"5794","9466"
"5794","9467"
"5795","9468"
"5796","9469"
"5797","9470"
"5798","9471"
"5799","9472"
"5800","9473"
"5801","9474"
"5802","9475"
"5803","9476"
"5804","9477"
"5805","9478"
"5806","9479"
"5807","9480"
"5808","9481"
"5809","9482"
"5810","9483"
"5811","9484"
"5812","9485"
"5813","9486"
"5814","9487"
"5815","9488"
"5816","9489"
"5816","9490"
"5817","9491"
"5817","9492"
"5818","9493"
"5819","9494"
"5820","9495"
"5821","9496"
"5822","9497"
"5823","9498"
"5824","9499"
"5825","9500"
"5826","9501"
"5827","9502"
"5828","9503"
"5829","9504"
"5830","9505"
"5830","9506"
"5831","9507"
"5831","9508"
"5832","9509"
"5833","9510"
"5834","9511"
"5835","9512"
"5836","9513"
"5837","9514"
"5838","9515"
"5839","9516"
"5840","9517"
"5841","9518"
"5842","9519"
"5843","9520"
"5843","9521"
"5844","9522"
"5845","9523"
"5846","9524"
"5846","9525"
"5847","9526"
"5848","9527"
"5848","9528"
"5849","9529"
"5849","9530"
"5850","9531"
"5851","9532"
"5852","9533"
"5853","9534"
"5854","9535"
"5855","9536"
"5856","9537"
"5857","9538"
"5858","9539"
"5859","9540"
"5859","9541"
"5860","9542"
"5861","9543"
"5861","9544"
"5862","9545"
"5863","9546"
"5864","9547"
"5865","9548"
"5866","9549"
"5867","9550"
"5868","9551"
"5869","9552"
"5870","9553"
"5871","9554"
"5871","9555"
"5872","9556"
"5873","9557"
"5874","9558"
"5875","9559"
"5876","9560"
"5877","9561"
"5878","9562"
"5879","9563"
"5880","9564"
"5881","9565"
"5882","9566"
"5883","9567"
"5884","9568"
"5885","9569"
"5886","9570"
"5887","9571"
"5888","9572"
"5889","9573"
"5890","9574"
"5891","9575"
"5892","9576"
"5893","9577"
"5894","9578"
"5895","9579"
"5895","9580"
"5896","9581"
"5897","9582"
"5898","9583"
"5899","9584"
"5900","9585"
"5901","9586"
"5902","9587"
"5903","9588"
"5904","9589"
"5905","9590"
"5906","9591"
"5907","9592"
"5908","9593"
"5909","9594"
"5910","9595"
"5911","9596"
"5912","9597"
"5913","9598"
"5913","9599"
"5914","9600"
"5915","9601"
"5916","9602"
"5917","9603"
"5918","9604"
"5919","9605"
"5920","9606"
"5921","9607"
"5922","9608"
"5923","9609"
"5924","9610"
"5925","9611"
"5926","9612"
"5926","9613"
"5927","9614"
"5928","9615"
"5929","9616"
"5930","9617"
"5931","9618"
"5932","9619"
"5933","9620"
"5933","9621"
"5934","9622"
"5934","9623"
"5935","9624"
"5935","9625"
"5936","9626"
"5937","9627"
"5938","9628"
"5938","9629"
"5939","9630"
"5939","9631"
"5940","9632"
"5941","9633"
"5942","9634"
"5943","9635"
"5944","9636"
"5945","9637"
"5945","9638"
"5946","9639"
"5947","9640"
"5947","9641"
"5948","9642"
"5949","9643"
"5950","9644"
"5951","9645"
"5952","9646"
"5953","9647"
"5954","9648"
"5955","9649"
"5956","9650"
"5957","9651"
"5958","9652"
"5959","9653"
"5960","9654"
"5961","9655"
"5962","9656"
"5962","9657"
"5963","9658"
"5964","9659"
"5965","9660"
"5966","9661"
"5967","9662"
"5967","9663"
"5968","9664"
"5969","9665"
"5970","9666"
"5971","9667"
"5972","9668"
"5973","9669"
"5974","9670"
"5975","9671"
"5976","9672"
"5977","9673"
"5978","9674"
"5979","9675"
"5980","9676"
"5981","9677"
"5981","9678"
"5982","9679"
"5982","9680"
"5983","9681"
"5984","9682"
"5985","9683"
"5986","9684"
"5987","9685"
"5987","9686"
"5987","9687"
"5988","9688"
"5988","9689"
"5989","9690"
"5990","9691"
"5991","9692"
"5992","9693"
"5993","9694"
"5994","9695"
"5995","9696"
"5996","9697"
"5997","9698"
"5998","9699"
"5999","9700"
"6000","9701"
"6001","9702"
"6002","9703"
"6003","9704"
"6004","9705"
"6005","9706"
"6006","9707"
"6007","9708"
"6008","9709"
"6009","9710"
"6010","9711"
"6011","9712"
"6012","9713"
"6013","9714"
"6014","9715"
"6015","9716"
"6016","9717"
"6017","9718"
"6018","9719"
"6019","9720"
"6020","9721"
"6021","9722"
"6022","9723"
"6023","9724"
"6024","9725"
"6025","9726"
"6026","9727"
"6026","9728"
"6027","9729"
"6027","9730"
"6028","9731"
"6029","9732"
"6030","9733"
"6031","9734"
"6032","9735"
"6033","9736"
"6034","9737"
"6035","9738"
"6036","9739"
"6037","9740"
"6038","9741"
"6038","9742"
"6039","9743"
"6040","9744"
"6041","9745"
"6042","9746"
"6043","9747"
"6043","9748"
"6044","9749"
"6045","9750"
"6046","9751"
"6047","9752"
"6048","9753"
"6049","9754"
"6050","9755"
"6051","9756"
"6052","9757"
"6053","9758"
"6054","9759"
"6055","9760"
"6056","9761"
"6057","9762"
"6058","9763"
"6059","9764"
"6060","9765"
"6061","9766"
"6062","9767"
"6063","9768"
"6064","9769"
"6065","9770"
"6065","9771"
"6066","9772"
"6067","9773"
"6068","9774"
"6069","9775"
"6070","9776"
"6071","9777"
"6072","9778"
"6073","9779"
"6074","9780"
"6074","9781"
"6075","9782"
"6076","9783"
"6077","9784"
"6078","9785"
"6079","9786"
"6079","9787"
"6080","9788"
"6081","9789"
"6082","9790"
"6083","9791"
"6084","9792"
"6085","9793"
"6086","9794"
"6087","9795"
"6088","9796"
"6089","9797"
"6090","9798"
"6091","9799"
"6092","9800"
"6093","9801"
"6094","9802"
"6095","9803"
"6096","9804"
"6097","9805"
"6098","9806"
"6099","9807"
"6100","9808"
"6101","9809"
"6101","9810"
"6102","9811"
"6103","9812"
"6104","9813"
"6105","9814"
"6106","9815"
"6107","9816"
"6108","9817"
"6109","9818"
"6110","9819"
"6111","9820"
"6112","9821"
"6113","9822"
"6114","9823"
"6115","9824"
"6116","9825"
"6117","9826"
"6118","9827"
"6119","9828"
"6120","9829"
"6121","9830"
"6122","9831"
"6123","9832"
"6124","9833"
"6125","9834"
"6126","9835"
"6127","9836"
"6128","9837"
"6129","9838"
"6130","9839"
"6131","9840"
"6131","9841"
"6132","9842"
"6133","9843"
"6134","9844"
"6135","9845"
"6136","9846"
"6137","9847"
"6138","9848"
"6139","9849"
"6140","9850"
"6141","9851"
"6142","9852"
"6143","9853"
"6144","9854"
"6145","9855"
"6146","9856"
"6147","9857"
"6147","9858"
"6148","9859"
"6149","9860"
"6150","9861"
"6151","9862"
"6152","9863"
"6153","9864"
"6154","9865"
"6155","9866"
"6156","9867"
"6157","9868"
"6158","9869"
"6159","9870"
"6160","9871"
"6161","9872"
"6162","9873"
"6163","9874"
"6164","9875"
"6165","9876"
"6166","9877"
"6167","9878"
"6168","9879"
"6169","9880"
"6170","9881"
"6171","9882"
"6172","9883"
"6173","9884"
"6174","9885"
"6175","9886"
"6176","9887"
"6177","9888"
"6178","9889"
"6179","9890"
"6179","9891"
"6180","9892"
"6181","9893"
"6182","9894"
"6182","9895"
"6183","9896"
"6184","9897"
"6185","9898"
"6186","9899"
"6187","9900"
"6188","9901"
"6188","9902"
"6189","9903"
"6190","9904"
"6191","9905"
"6192","9906"
"6193","9907"
"6194","9908"
"6195","9909"
"6196","9910"
"6196","9911"
"6197","9912"
"6198","9913"
"6199","9914"
"6200","9915"
"6201","9916"
"6202","9917"
"6203","9918"
"6204","9919"
"6205","9920"
"6206","9921"
"6207","9922"
"6208","9923"
"6208","9924"
"6209","9925"
"6210","9926"
"6211","9927"
"6212","9928"
"6213","9929"
"6214","9930"
"6215","9931"
"6216","9932"
"6217","9933"
"6218","9934"
"6219","9935"
"6219","9936"
"6220","9937"
"6221","9938"
"6222","9939"
"6223","9940"
"6224","9941"
"6225","9942"
"6226","9943"
"6226","9944"
"6227","9945"
"6228","9946"
"6228","9947"
"6229","9948"
"6230","9949"
"6231","9950"
"6232","9951"
"6232","9952"
"6233","9953"
"6234","9954"
"6235","9955"
"6236","9956"
"6237","9957"
"6238","9958"
"6239","9959"
"6240","9960"
"6241","9961"
"6241","9962"
"6242","9963"
"6243","9964"
"6244","9965"
"6245","9966"
"6246","9967"
"6247","9968"
"6247","9969"
"6248","9970"
"6249","9971"
"6250","9972"
"6251","9973"
"6252","9974"
"6253","9975"
"6254","9976"
"6254","9977"
"6255","9978"
"6256","9979"
"6257","9980"
"6258","9981"
"6259","9982"
"6260","9983"
"6261","9984"
"6262","9985"
"6263","9986"
"6264","9987"
"6265","9988"
"6266","9989"
"6267","9990"
"6268","9991"
"6269","9992"
"6270","9993"
"6271","9994"
"6272","9995"
"6273","9996"
"6274","9997"
"6275","9998"
"6276","9999"
"6277","10000"
"6278","10001"
"6279","10002"
"6280","10003"
"6281","10004"
"6282","10005"
"6283","10006"
"6284","10007"
"6285","10008"
"6286","10009"
"6287","10010"
"6288","10011"
"6289","10012"
"6290","10013"
"6291","10014"
"6292","10015"
"6293","10016"
"6294","10017"
"6295","10018"
"6296","10019"
"6297","10020"
"6298","10021"
"6299","10022"
"6300","10023"
"6301","10024"
"6302","10025"
"6303","10026"
"6304","10027"
"6305","10028"
"6306","10029"
"6307","10030"
"6308","10031"
"6309","10032"
"6310","10033"
"6311","10034"
"6312","10035"
"6313","10036"
"6314","10037"
"6315","10038"
"6316","10039"
"6317","10040"
"6318","10041"
"6319","10042"
"6320","10043"
"6321","10044"
"6322","10045"
"6323","10046"
"6324","10047"
"6325","10048"
"6326","10049"
"6327","10050"
"6328","10051"
"6329","10052"
"6330","10053"
"6331","10054"
"6332","10055"
"6333","10056"
"6334","10057"
"6335","10058"
"6336","10059"
"6337","10060"
"6338","10061"
"6339","10062"
"6340","10063"
"6341","10064"
"6342","10065"
"6342","10066"
"6343","10067"
"6344","10068"
"6345","10069"
"6346","10070"
"6347","10071"
"6348","10072"
"6349","10073"
"6350","10074"
"6351","10075"
"6352","10076"
"6353","10077"
"6354","10078"
"6355","10079"
"6356","10080"
"6357","10081"
"6357","10082"
"6358","10083"
"6358","10084"
"6359","10085"
"6360","10086"
"6361","10087"
"6362","10088"
"6363","10089"
"6364","10090"
"6365","10091"
"6366","10092"
"6367","10093"
"6368","10094"
"6369","10095"
"6370","10096"
"6371","10097"
"6372","10098"
"6373","10099"
"6374","10100"
"6375","10101"
"6376","10102"
"6377","10103"
"6378","10104"
"6379","10105"
"6380","10106"
"6381","10107"
"6382","10108"
"6383","10109"
"6383","10110"
"6384","10111"
"6385","10112"
"6386","10113"
"6387","10114"
"6388","10115"
"6389","10116"
"6390","10117"
"6391","10118"
"6392","10119"
"6393","10120"
"6394","10121"
"6395","10122"
"6396","10123"
"6397","10124"
"6398","10125"
"6399","10126"
"6400","10127"
"6401","10128"
"6402","10129"
"6403","10130"
"6404","10131"
"6404","10132"
"6405","10133"
"6406","10134"
"6407","10135"
"6408","10136"
"6409","10137"
"6410","10138"
"6411","10139"
"6412","10140"
"6412","10141"
"6413","10142"
"6414","10143"
"6414","10144"
"6415","10145"
"6416","10146"
"6416","10147"
"6417","10148"
"6417","10149"
"6418","10150"
"6419","10151"
"6420","10152"
"6421","10153"
"6422","10154"
"6423","10155"
"6424","10156"
"6425","10157"
"6426","10158"
"6427","10159"
"6428","10160"
"6429","10161"
"6430","10162"
"6430","10163"
"6431","10164"
"6432","10165"
"6433","10166"
"6434","10167"
"6434","10168"
"6435","10169"
"6436","10170"
"6437","10171"
"6437","10172"
"6438","10173"
"6439","10174"
"6440","10175"
"6440","10176"
"6441","10177"
"6442","10178"
"6443","10179"
"6444","10180"
"6445","10181"
"6446","10182"
"6447","10183"
"6448","10184"
"6449","10185"
"6450","10186"
"6451","10187"
"6452","10188"
"6453","10189"
"6454","10190"
"6455","10191"
"6456","10192"
"6457","10193"
"6458","10194"
"6459","10195"
"6460","10196"
"6461","10197"
"6462","10198"
"6463","10199"
"6464","10200"
"6465","10201"
"6466","10202"
"6467","10203"
"6468","10204"
"6469","10205"
"6470","10206"
"6471","10207"
"6472","10208"
"6473","10209"
"6474","10210"
"6475","10211"
"6476","10212"
"6477","10213"
"6478","10214"
"6479","10215"
"6480","10216"
"6481","10217"
"6482","10218"
"6483","10219"
"6484","10220"
"6485","10221"
"6486","10222"
"6487","10223"
"6488","10224"
"6489","10225"
"6490","10226"
"6491","10227"
"6492","10228"
"6493","10229"
"6494","10230"
"6495","10231"
"6496","10232"
"6497","10233"
"6498","10234"
"6499","10235"
"6500","10236"
"6501","10237"
"6501","10238"
"6502","10239"
"6503","10240"
"6504","10241"
"6505","10242"
"6506","10243"
"6507","10244"
"6508","10245"
"6509","10246"
"6510","10247"
"6511","10248"
"6512","10249"
"6513","10250"
"6513","10251"
"6514","10252"
"6515","10253"
"6516","10254"
"6517","10255"
"6518","10256"
"6519","10257"
"6520","10258"
"6521","10259"
"6522","10260"
"6523","10261"
"6523","10262"
"6524","10263"
"6525","10264"
"6526","10265"
"6527","10266"
"6528","10267"
"6529","10268"
"6530","10269"
"6531","10270"
"6532","10271"
"6533","10272"
"6534","10273"
"6535","10274"
"6536","10275"
"6537","10276"
"6538","10277"
"6539","10278"
"6540","10279"
"6541","10280"
"6541","10281"
"6542","10282"
"6543","10283"
"6544","10284"
"6545","10285"
"6546","10286"
"6546","10287"
"6547","10288"
"6548","10289"
"6549","10290"
"6550","10291"
"6551","10292"
"6552","10293"
"6553","10294"
"6554","10295"
"6555","10296"
"6556","10297"
"6557","10298"
"6558","10299"
"6559","10300"
"6559","10301"
"6560","10302"
"6561","10303"
"6562","10304"
"6563","10305"
"6564","10306"
"6565","10307"
"6566","10308"
"6567","10309"
"6568","10310"
"6569","10311"
"6570","10312"
"6571","10313"
"6572","10314"
"6573","10315"
"6574","10316"
"6575","10317"
"6576","10318"
"6577","10319"
"6578","10320"
"6579","10321"
"6580","10322"
"6581","10323"
"6582","10324"
"6583","10325"
"6584","10326"
"6585","10327"
"6586","10328"
"6587","10329"
"6588","10330"
"6589","10331"
"6589","10332"
"6590","10333"
"6591","10334"
"6592","10335"
"6593","10336"
"6593","10337"
"6594","10338"
"6595","10339"
"6596","10340"
"6597","10341"
"6598","10342"
"6599","10343"
"6600","10344"
"6601","10345"
"6602","10346"
"6603","10347"
"6604","10348"
"6604","10349"
"6605","10350"
"6606","10351"
"6607","10352"
"6608","10353"
"6609","10354"
"6610","10355"
"6611","10356"
"6612","10357"
"6613","10358"
"6614","10359"
"6615","10360"
"6616","10361"
"6617","10362"
"6617","10363"
"6618","10364"
"6619","10365"
"6620","10366"
"6621","10367"
"6622","10368"
"6623","10369"
"6624","10370"
"6625","10371"
"6626","10372"
"6627","10373"
"6628","10374"
"6629","10375"
"6630","10376"
"6631","10377"
"6632","10378"
"6633","10379"
"6634","10380"
"6635","10381"
"6636","10382"
"6637","10383"
"6638","10384"
"6639","10385"
"6640","10386"
"6641","10387"
"6642","10388"
"6642","10389"
"6643","10390"
"6644","10391"
"6645","10392"
"6646","10393"
"6647","10394"
"6648","10395"
"6649","10396"
"6650","10397"
"6651","10398"
"6652","10399"
"6653","10400"
"6654","10401"
"6654","10402"
"6655","10403"
"6656","10404"
"6657","10405"
"6658","10406"
"6659","10407"
"6660","10408"
"6661","10409"
"6661","10410"
"6662","10411"
"6663","10412"
"6663","10413"
"6664","10414"
"6665","10415"
"6666","10416"
"6667","10417"
"6668","10418"
"6669","10419"
"6670","10420"
"6670","10421"
"6671","10422"
"6672","10423"
"6672","10424"
"6673","10425"
"6673","10426"
"6674","10427"
"6675","10428"
"6676","10429"
"6677","10430"
"6678","10431"
"6679","10432"
"6680","10433"
"6681","10434"
"6682","10435"
"6682","10436"
"6683","10437"
"6683","10438"
"6684","10439"
"6685","10440"
"6686","10441"
"6687","10442"
"6688","10443"
"6688","10444"
"6689","10445"
"6690","10446"
"6691","10447"
"6692","10448"
"6693","10449"
"6693","10450"
"6694","10451"
"6695","10452"
"6696","10453"
"6697","10454"
"6698","10455"
"6699","10456"
"6700","10457"
"6701","10458"
"6702","10459"
"6703","10460"
"6704","10461"
"6705","10462"
"6706","10463"
"6707","10464"
"6708","10465"
"6709","10466"
"6710","10467"
"6711","10468"
"6712","10469"
"6713","10470"
"6714","10471"
"6715","10472"
"6715","10473"
"6716","10474"
"6717","10475"
"6718","10476"
"6719","10477"
"6720","10478"
"6721","10479"
"6722","10480"
"6723","10481"
"6724","10482"
"6725","10483"
"6726","10484"
"6726","10485"
"6726","10486"
"6727","10487"
"6728","10488"
"6728","10489"
"6729","10490"
"6730","10491"
"6731","10492"
"6731","10493"
"6732","10494"
"6733","10495"
"6733","10496"
"6734","10497"
"6734","10498"
"6735","10499"
"6736","10500"
"6737","10501"
"6738","10502"
"6739","10503"
"6740","10504"
"6741","10505"
"6742","10506"
"6743","10507"
"6743","10508"
"6744","10509"
"6745","10510"
"6746","10511"
"6747","10512"
"6748","10513"
"6748","10514"
"6749","10515"
"6749","10516"
"6750","10517"
"6751","10518"
"6752","10519"
"6752","10520"
"6753","10521"
"6754","10522"
"6755","10523"
"6756","10524"
"6757","10525"
"6758","10526"
"6758","10527"
"6759","10528"
"6760","10529"
"6761","10530"
"6761","10531"
"6762","10532"
"6763","10533"
"6764","10534"
"6765","10535"
"6766","10536"
"6767","10537"
"6768","10538"
"6769","10539"
"6770","10540"
"6771","10541"
"6772","10542"
"6773","10543"
"6774","10544"
"6775","10545"
"6776","10546"
"6777","10547"
"6778","10548"
"6779","10549"
"6779","10550"
"6780","10551"
"6781","10552"
"6781","10553"
"6782","10554"
"6783","10555"
"6784","10556"
"6785","10557"
"6786","10558"
"6787","10559"
"6788","10560"
"6789","10561"
"6790","10562"
"6791","10563"
"6792","10564"
"6792","10565"
"6793","10566"
"6794","10567"
"6795","10568"
"6796","10569"
"6797","10570"
"6798","10571"
"6798","10572"
"6799","10573"
"6800","10574"
"6801","10575"
"6802","10576"
"6803","10577"
"6803","10578"
"6804","10579"
"6805","10580"
"6805","10581"
"6806","10582"
"6806","10583"
"6807","10584"
"6808","10585"
"6809","10586"
"6810","10587"
"6811","10588"
"6812","10589"
"6813","10590"
"6814","10591"
"6815","10592"
"6816","10593"
"6817","10594"
"6818","10595"
"6819","10596"
"6820","10597"
"6821","10598"
"6822","10599"
"6823","10600"
"6824","10601"
"6825","10602"
"6826","10603"
"6827","10604"
"6828","10605"
"6829","10606"
"6830","10607"
"6831","10608"
"6832","10609"
"6833","10610"
"6833","10611"
"6834","10612"
"6835","10613"
"6836","10614"
"6837","10615"
"6838","10616"
"6839","10617"
"6839","10618"
"6840","10619"
"6840","10620"
"6841","10621"
"6842","10622"
"6843","10623"
"6844","10624"
"6845","10625"
"6846","10626"
"6847","10627"
"6848","10628"
"6849","10629"
"6850","10630"
"6851","10631"
"6852","10632"
"6853","10633"
"6854","10634"
