"case_id","penalty_id"
"3359","10635"
"3360","10636"
"3361","10637"
"3362","10638"
"3363","10639"
"3364","10640"
"3365","10641"
"3366","10642"
"3367","10643"
"3368","10644"
"3369","10645"
"3370","10646"
"3371","10647"
"3372","10648"
"3373","10649"
"3374","10650"
"3375","10651"
"3376","10652"
"3377","10653"
"3378","10654"
"3379","10655"
"3380","10656"
"3381","10657"
"3382","10658"
"3383","10659"
"3384","10660"
"3385","10661"
"3386","10662"
"3387","10663"
"3388","10664"
"3389","10665"
"3390","10666"
"3391","10667"
"3392","10668"
"3393","10669"
"3394","10670"
"3395","10671"
"3396","10672"
"3397","10673"
"3398","10674"
"3399","10675"
"3400","10676"
"3401","10677"
"3402","10678"
"3403","10679"
"3404","10680"
"3405","10681"
"3406","10682"
"3407","10683"
"3408","10684"
"3409","10685"
"3410","10686"
"3411","10687"
"3412","10688"
"3413","10689"
"3414","10690"
"3415","10691"
"3416","10692"
"3417","10693"
"3418","10694"
"3419","10695"
"3420","10696"
"3421","10697"
"3422","10698"
"3423","10699"
"3424","10700"
"3425","10701"
"3426","10702"
"3427","10703"
"3428","10704"
"3429","10705"
"3430","10706"
"3431","10707"
"3432","10708"
"3433","10709"
"3434","10710"
"3435","10711"
"3436","10712"
"3437","10713"
"3438","10714"
"3439","10715"
"3440","10716"
"3441","10717"
"3442","10718"
"3443","10719"
"3444","10720"
"3445","10721"
"3446","10722"
"3447","10723"
"3448","10724"
"3449","10725"
"3450","10726"
"3451","10727"
"3452","10728"
"3453","10729"
"3454","10730"
"3455","10731"
"3456","10732"
"3457","10733"
"3458","10734"
"3459","10735"
"3460","10736"
"3461","10737"
"3462","10738"
"3463","10739"
"3464","10740"
"3465","10741"
"3466","10742"
"3467","10743"
"3468","10744"
"3469","10745"
"3470","10746"
"3471","10747"
"3472","10748"
"3473","10749"
"3474","10750"
"3475","10751"
"3476","10752"
"3477","10753"
"3478","10754"
"3479","10755"
"3480","10756"
"3481","10757"
"3482","10758"
"3483","10759"
"3484","10760"
"3485","10761"
"3486","10762"
"3487","10763"
"3488","10764"
"3489","10765"
"3490","10766"
"3491","10767"
"3492","10768"
"3493","10769"
"3494","10770"
"3495","10771"
"3496","10772"
"3497","10773"
"3498","10774"
"3499","10775"
"3500","10776"
"3501","10777"
"3502","10778"
"3503","10779"
"3504","10780"
"3505","10781"
"3506","10782"
"3507","10783"
"3508","10784"
"3509","10785"
"3510","10786"
"3511","10787"
"3512","10788"
"3513","10789"
"3514","10790"
"3515","10791"
"3516","10792"
"3517","10793"
"3518","10794"
"3519","10795"
"3520","10796"
"3521","10797"
"3522","10798"
"3523","10799"
"3524","10800"
"3525","10801"
"3526","10802"
"3527","10803"
"3528","10804"
"3529","10805"
"3530","10806"
"3531","10807"
"3532","10808"
"3533","10809"
"3534","10810"
"3535","10811"
"3536","10812"
"3537","10813"
"3538","10814"
"3539","10815"
"3540","10816"
"3541","10817"
"3542","10818"
"3543","10819"
"3544","10820"
"3545","10821"
"3546","10822"
"3547","10823"
"3548","10824"
"3549","10825"
"3550","10826"
"3551","10827"
"3552","10828"
"3553","10829"
"3554","10830"
"3555","10831"
"3556","10832"
"3557","10833"
"3558","10834"
"3559","10835"
"3560","10836"
"3561","10837"
"3562","10838"
"3563","10839"
"3564","10840"
"3565","10841"
"3566","10842"
"3567","10843"
"3568","10844"
"3569","10845"
"3570","10846"
"3571","10847"
"3572","10848"
"3573","10849"
"3574","10850"
"3575","10851"
"3576","10852"
"3577","10853"
"3578","10854"
"3579","10855"
"3580","10856"
"3581","10857"
"3582","10858"
"3583","10859"
"3584","10860"
"3585","10861"
"3586","10862"
"3587","10863"
"3588","10864"
"3589","10865"
"3590","10866"
"3591","10867"
"3592","10868"
"3593","10869"
"3594","10870"
"3595","10871"
"3596","10872"
"3597","10873"
"3598","10874"
"3599","10875"
"3600","10876"
"3601","10877"
"3602","10878"
"3603","10879"
"3604","10880"
"3605","10881"
"3606","10882"
"3607","10883"
"3608","10884"
"3609","10885"
"3610","10886"
"3611","10887"
"3612","10888"
"3613","10889"
"3614","10890"
"3615","10891"
"3616","10892"
"3617","10893"
"3618","10894"
"3619","10895"
"3620","10896"
"3621","10897"
"3622","10898"
"3623","10899"
"3624","10900"
"3625","10901"
"3626","10902"
"3627","10903"
"3628","10904"
"3629","10905"
"3630","10906"
"3631","10907"
"3632","10908"
"3633","10909"
"3634","10910"
"3635","10911"
"3636","10912"
"3637","10913"
"3638","10914"
"3639","10915"
"3640","10916"
"3641","10917"
"3642","10918"
"3643","10919"
"3644","10920"
"3645","10921"
"3646","10922"
"3647","10923"
"3648","10924"
"3649","10925"
"3650","10926"
"3651","10927"
"3652","10928"
"3653","10929"
"3654","10930"
"3655","10931"
"3656","10932"
"3657","10933"
"3658","10934"
"3659","10935"
"3660","10936"
"3661","10937"
"3662","10938"
"3663","10939"
"3664","10940"
"3665","10941"
"3666","10942"
"3667","10943"
"3668","10944"
"3669","10945"
"3670","10946"
"3671","10947"
"3672","10948"
"3673","10949"
"3674","10950"
"3675","10951"
"3676","10952"
"3677","10953"
"3678","10954"
"3679","10955"
"3680","10956"
"3681","10957"
"3682","10958"
"3683","10959"
"3684","10960"
"3685","10961"
"3686","10962"
"3687","10963"
"3688","10964"
"3689","10965"
"3690","10966"
"3691","10967"
"3692","10968"
"3693","10969"
"3694","10970"
"3695","10971"
"3696","10972"
"3697","10973"
"3698","10974"
"3699","10975"
"3700","10976"
"3701","10977"
"3702","10978"
"3703","10979"
"3704","10980"
"3705","10981"
"3706","10982"
"3707","10983"
"3708","10984"
"3709","10985"
"3710","10986"
"3711","10987"
"3712","10988"
"3713","10989"
"3714","10990"
"3715","10991"
"3716","10992"
"3717","10993"
"3718","10994"
"3719","10995"
"3720","10996"
"3721","10997"
"3722","10998"
"3723","10999"
"3724","11000"
"3725","11001"
"3726","11002"
"3727","11003"
"3728","11004"
"3729","11005"
"3730","11006"
"3731","11007"
"3732","11008"
"3733","11009"
"3734","11010"
"3735","11011"
"3736","11012"
"3737","11013"
"3738","11014"
"3739","11015"
"3740","11016"
"3741","11017"
"3742","11018"
"3743","11019"
"3744","11020"
"3745","11021"
"3746","11022"
"3747","11023"
"3748","11024"
"3749","11025"
"3750","11026"
"3751","11027"
"3752","11028"
"3753","11029"
"3754","11030"
"3755","11031"
"3756","11032"
"3757","11033"
"3758","11034"
"3759","11035"
"3760","11036"
"3761","11037"
"3762","11038"
"3763","11039"
"3764","11040"
"3765","11041"
"3766","11042"
"3767","11043"
"3768","11044"
"3769","11045"
"3770","11046"
"3771","11047"
"3772","11048"
"3773","11049"
"3774","11050"
"3775","11051"
"3776","11052"
"3777","11053"
"3778","11054"
"3779","11055"
"3780","11056"
"3781","11057"
"3782","11058"
"3783","11059"
"3784","11060"
"3785","11061"
"3786","11062"
"3787","11063"
"3788","11064"
"3789","11065"
"3790","11066"
"3791","11067"
"3792","11068"
"3793","11069"
"3794","11070"
"3795","11071"
"3796","11072"
"3797","11073"
"3798","11074"
"3799","11075"
"3800","11076"
"3801","11077"
"3802","11078"
"3803","11079"
"3804","11080"
"3805","11081"
"3806","11082"
"3807","11083"
"3808","11084"
"3809","11085"
"3810","11086"
"3811","11087"
"3812","11088"
"3813","11089"
"3814","11090"
"3815","11091"
"3816","11092"
"3817","11093"
"3818","11094"
"3819","11095"
"3820","11096"
"3821","11097"
"3822","11098"
"3823","11099"
"3824","11100"
"3825","11101"
"3826","11102"
"3827","11103"
"3828","11104"
"3829","11105"
"3830","11106"
"3831","11107"
"3832","11108"
"3833","11109"
"3834","11110"
"3835","11111"
"3836","11112"
"3837","11113"
"3838","11114"
"3839","11115"
"3840","11116"
"3841","11117"
"3842","11118"
"3843","11119"
"3844","11120"
"3845","11121"
"3846","11122"
"3847","11123"
"3848","11124"
"3849","11125"
"3850","11126"
"3851","11127"
"3852","11128"
"3853","11129"
"3854","11130"
"3855","11131"
"3856","11132"
"3857","11133"
"3858","11134"
"3859","11135"
"3860","11136"
"3861","11137"
"3862","11138"
"3863","11139"
"3864","11140"
"3865","11141"
"3866","11142"
"3867","11143"
"3868","11144"
"3869","11145"
"3870","11146"
"3871","11147"
"3872","11148"
"3873","11149"
"3874","11150"
"3875","11151"
"3876","11152"
"3877","11153"
"3878","11154"
"3879","11155"
"3880","11156"
"3881","11157"
"3882","11158"
"3883","11159"
"3884","11160"
"3885","11161"
"3886","11162"
"3887","11163"
"3888","11164"
"3889","11165"
"3890","11166"
"3891","11167"
"3892","11168"
"3893","11169"
"3894","11170"
"3895","11171"
"3896","11172"
"3897","11173"
"3898","11174"
"3899","11175"
"3900","11176"
"3901","11177"
"3902","11178"
"3903","11179"
"3904","11180"
"3905","11181"
"3906","11182"
"3907","11183"
"3908","11184"
"3909","11185"
"3910","11186"
"3911","11187"
"3912","11188"
"3913","11189"
"3914","11190"
"3915","11191"
"3916","11192"
"3917","11193"
"3918","11194"
"3919","11195"
"3920","11196"
"3921","11197"
"3922","11198"
"3923","11199"
"3924","11200"
"3925","11201"
"3926","11202"
"3927","11203"
"3928","11204"
"3929","11205"
"3930","11206"
"3931","11207"
"3932","11208"
"3933","11209"
"3934","11210"
"3935","11211"
"3936","11212"
"3937","11213"
"3938","11214"
"3939","11215"
"3940","11216"
"3941","11217"
"3942","11218"
"3943","11219"
"3944","11220"
"3945","11221"
"3946","11222"
"3947","11223"
"3948","11224"
"3949","11225"
"3950","11226"
"3951","11227"
"3952","11228"
"3953","11229"
"3954","11230"
"3955","11231"
"3956","11232"
"3957","11233"
"3958","11234"
"3959","11235"
"3960","11236"
"3961","11237"
"3962","11238"
"3963","11239"
"3964","11240"
"3965","11241"
"3966","11242"
"3967","11243"
"3968","11244"
"3969","11245"
"3970","11246"
"3971","11247"
"3972","11248"
"3973","11249"
"3974","11250"
"3975","11251"
"3976","11252"
"3977","11253"
"3978","11254"
"3979","11255"
"3980","11256"
"3981","11257"
"3982","11258"
"3983","11259"
"3984","11260"
"3985","11261"
"3986","11262"
"3987","11263"
"3988","11264"
"3989","11265"
"3990","11266"
"3991","11267"
"3992","11268"
"3993","11269"
"3994","11270"
"3995","11271"
"3996","11272"
"3997","11273"
"3998","11274"
"3999","11275"
"4000","11276"
"4001","11277"
"4002","11278"
"4003","11279"
"4004","11280"
"4005","11281"
"4006","11282"
"4007","11283"
"4008","11284"
"4009","11285"
"4010","11286"
"4011","11287"
"4012","11288"
"4013","11289"
"4014","11290"
"4015","11291"
"4016","11292"
"4017","11293"
"4018","11294"
"4019","11295"
"4020","11296"
"4021","11297"
"4022","11298"
"4023","11299"
"4024","11300"
"4025","11301"
"4026","11302"
"4027","11303"
"4028","11304"
"4029","11305"
"4030","11306"
"4031","11307"
"4032","11308"
"4033","11309"
"4034","11310"
"4035","11311"
"4036","11312"
"4037","11313"
"4038","11314"
"4039","11315"
"4040","11316"
"4041","11317"
"4042","11318"
"4043","11319"
"4044","11320"
"4045","11321"
"4046","11322"
"4047","11323"
"4048","11324"
"4049","11325"
"4050","11326"
"4051","11327"
"4052","11328"
"4053","11329"
"4054","11330"
"4055","11331"
"4056","11332"
"4057","11333"
"4058","11334"
"4059","11335"
"4060","11336"
"4061","11337"
"4062","11338"
"4063","11339"
"4064","11340"
"4065","11341"
"4066","11342"
"4067","11343"
"4068","11344"
"4069","11345"
"4070","11346"
"4071","11347"
"4072","11348"
"4073","11349"
"4074","11350"
"4075","11351"
"4076","11352"
"4077","11353"
"4078","11354"
"4079","11355"
"4080","11356"
"4081","11357"
"4082","11358"
"4083","11359"
"4084","11360"
"4085","11361"
"4086","11362"
"4087","11363"
"4088","11364"
"4089","11365"
"4090","11366"
"4091","11367"
"4092","11368"
"4093","11369"
"4094","11370"
"4095","11371"
"4096","11372"
"4097","11373"
"4098","11374"
"4099","11375"
"4100","11376"
"4101","11377"
"4102","11378"
"4103","11379"
"4104","11380"
"4105","11381"
"4106","11382"
"4107","11383"
"4108","11384"
"4109","11385"
"4110","11386"
"4111","11387"
"4112","11388"
"4113","11389"
"4114","11390"
"4115","11391"
"4116","11392"
"4117","11393"
"4118","11394"
"4119","11395"
"4120","11396"
"4121","11397"
"4122","11398"
"4123","11399"
"4124","11400"
"4125","11401"
"4126","11402"
"4127","11403"
"4128","11404"
"4129","11405"
"4130","11406"
"4131","11407"
"4132","11408"
"4133","11409"
"4134","11410"
"4135","11411"
"4136","11412"
"4137","11413"
"4138","11414"
"4139","11415"
"4140","11416"
"4141","11417"
"4142","11418"
"4143","11419"
"4144","11420"
"4145","11421"
"4146","11422"
"4147","11423"
"4148","11424"
"4149","11425"
"4150","11426"
"4151","11427"
"4152","11428"
"4153","11429"
"4154","11430"
"4155","11431"
"4156","11432"
"4157","11433"
"4158","11434"
"4159","11435"
"4160","11436"
"4161","11437"
"4162","11438"
"4163","11439"
"4164","11440"
"4165","11441"
"4166","11442"
"4167","11443"
"4168","11444"
"4169","11445"
"4170","11446"
"4171","11447"
"4172","11448"
"4173","11449"
"4174","11450"
"4175","11451"
"4176","11452"
"4177","11453"
"4178","11454"
"4179","11455"
"4180","11456"
"4181","11457"
"4182","11458"
"4183","11459"
"4184","11460"
"4185","11461"
"4186","11462"
"4187","11463"
"4188","11464"
"4189","11465"
"4190","11466"
"4191","11467"
"4192","11468"
"4193","11469"
"4194","11470"
"4195","11471"
"4196","11472"
"4197","11473"
"4198","11474"
"4199","11475"
"4200","11476"
"4201","11477"
"4202","11478"
"4203","11479"
"4204","11480"
"4205","11481"
"4206","11482"
"4207","11483"
"4208","11484"
"4209","11485"
"4210","11486"
"4211","11487"
"4212","11488"
"4213","11489"
"4214","11490"
"4215","11491"
"4216","11492"
"4217","11493"
"4218","11494"
"4219","11495"
"4220","11496"
"4221","11497"
"4222","11498"
"4223","11499"
"4224","11500"
"4225","11501"
"4226","11502"
"4227","11503"
"4228","11504"
"4229","11505"
"4230","11506"
"4231","11507"
"4232","11508"
"4233","11509"
"4234","11510"
"4235","11511"
"4236","11512"
"4237","11513"
"4238","11514"
"4239","11515"
"4240","11516"
"4241","11517"
"4242","11518"
"4243","11519"
"4244","11520"
"4245","11521"
"4246","11522"
"4247","11523"
"4248","11524"
"4249","11525"
"4250","11526"
"4251","11527"
"4252","11528"
"4253","11529"
"4254","11530"
"4255","11531"
"4256","11532"
"4257","11533"
"4258","11534"
"4259","11535"
"4260","11536"
"4261","11537"
"4262","11538"
"4263","11539"
"4264","11540"
"4265","11541"
"4266","11542"
"4267","11543"
"4268","11544"
"4269","11545"
"4270","11546"
"4271","11547"
"4272","11548"
"4273","11549"
"4274","11550"
"4275","11551"
"4276","11552"
"4277","11553"
"4278","11554"
"4279","11555"
"4280","11556"
"4281","11557"
"4282","11558"
"4283","11559"
"4284","11560"
"4285","11561"
"4286","11562"
"4287","11563"
"4288","11564"
"4289","11565"
"4290","11566"
"4291","11567"
"4292","11568"
"4293","11569"
"4294","11570"
"4295","11571"
"4296","11572"
"4297","11573"
"4298","11574"
"4299","11575"
"4300","11576"
"4301","11577"
"4302","11578"
"4303","11579"
"4304","11580"
"4305","11581"
"4306","11582"
"4307","11583"
"4308","11584"
"4309","11585"
"4310","11586"
"4311","11587"
"4312","11588"
"4313","11589"
"4314","11590"
"4315","11591"
"4316","11592"
"4317","11593"
"4318","11594"
"4319","11595"
"4320","11596"
"4321","11597"
"4322","11598"
"4323","11599"
"4324","11600"
"4325","11601"
"4326","11602"
"4327","11603"
"4328","11604"
"4329","11605"
"4330","11606"
"4331","11607"
"4332","11608"
"4333","11609"
"4334","11610"
"4335","11611"
"4336","11612"
"4337","11613"
"4338","11614"
"4339","11615"
"4340","11616"
"4341","11617"
"4342","11618"
"4343","11619"
"4344","11620"
"4345","11621"
"4346","11622"
"4347","11623"
"4348","11624"
"4349","11625"
"4350","11626"
"4351","11627"
"4352","11628"
"4353","11629"
"4354","11630"
"4355","11631"
"4356","11632"
"4357","11633"
"4358","11634"
"4359","11635"
"4360","11636"
"4361","11637"
"4362","11638"
"4363","11639"
"4364","11640"
"4365","11641"
"4366","11642"
"4367","11643"
"4368","11644"
"4369","11645"
"4370","11646"
"4371","11647"
"4372","11648"
"4373","11649"
"4374","11650"
"4375","11651"
"4376","11652"
"4377","11653"
"4378","11654"
"4379","11655"
"4380","11656"
"4381","11657"
"4382","11658"
"4383","11659"
"4384","11660"
"4385","11661"
"4386","11662"
"4387","11663"
"4388","11664"
"4389","11665"
"4390","11666"
"4391","11667"
"4392","11668"
"4393","11669"
"4394","11670"
"4395","11671"
"4396","11672"
"4397","11673"
"4398","11674"
"4399","11675"
"4400","11676"
"4401","11677"
"4402","11678"
"4403","11679"
"4404","11680"
"4405","11681"
"4406","11682"
"4407","11683"
"4408","11684"
"4409","11685"
"4410","11686"
"4411","11687"
"4412","11688"
"4413","11689"
"4414","11690"
"4415","11691"
"4416","11692"
"4417","11693"
"4418","11694"
"4419","11695"
"4420","11696"
"4421","11697"
"4422","11698"
"4423","11699"
"4424","11700"
"4425","11701"
"4426","11702"
"4427","11703"
"4428","11704"
"4429","11705"
"4430","11706"
"4431","11707"
"4432","11708"
"4433","11709"
"4434","11710"
"4435","11711"
"4436","11712"
"4437","11713"
"4438","11714"
"4439","11715"
"4440","11716"
"4441","11717"
"4442","11718"
"4443","11719"
"4444","11720"
"4445","11721"
"4446","11722"
"4447","11723"
"4448","11724"
"4449","11725"
"4450","11726"
"4451","11727"
"4452","11728"
"4453","11729"
"4454","11730"
"4455","11731"
"4456","11732"
"4457","11733"
"4458","11734"
"4459","11735"
"4460","11736"
"4461","11737"
"4462","11738"
"4463","11739"
"4464","11740"
"4465","11741"
"4466","11742"
"4467","11743"
"4468","11744"
"4469","11745"
"4470","11746"
"4471","11747"
"4472","11748"
"4473","11749"
"4474","11750"
"4475","11751"
"4476","11752"
"4477","11753"
"4478","11754"
"4479","11755"
"4480","11756"
"4481","11757"
"4482","11758"
"4483","11759"
"4484","11760"
"4485","11761"
"4486","11762"
"4487","11763"
"4488","11764"
"4489","11765"
"4490","11766"
"4491","11767"
"4492","11768"
"4493","11769"
"4494","11770"
"4495","11771"
"4496","11772"
"4497","11773"
"4498","11774"
"4499","11775"
"4500","11776"
"4501","11777"
"4502","11778"
"4503","11779"
"4504","11780"
"4505","11781"
"4506","11782"
"4507","11783"
"4508","11784"
"4509","11785"
"4510","11786"
"4511","11787"
"4512","11788"
"4513","11789"
"4514","11790"
"4515","11791"
"4516","11792"
"4517","11793"
"4518","11794"
"4519","11795"
"4520","11796"
"4521","11797"
"4522","11798"
"4523","11799"
"4524","11800"
"4525","11801"
"4526","11802"
"4527","11803"
"4528","11804"
"4529","11805"
"4530","11806"
"4531","11807"
"4532","11808"
"4533","11809"
"4534","11810"
"4535","11811"
"4536","11812"
"4537","11813"
"4538","11814"
"4539","11815"
"4540","11816"
"4541","11817"
"4542","11818"
"4543","11819"
"4544","11820"
"4545","11821"
"4546","11822"
"4547","11823"
"4548","11824"
"4549","11825"
"4550","11826"
"4551","11827"
"4552","11828"
"4553","11829"
"4554","11830"
"4555","11831"
"4556","11832"
"4557","11833"
"4558","11834"
"4559","11835"
"4560","11836"
"4561","11837"
"4562","11838"
"4563","11839"
"4564","11840"
"4565","11841"
"4566","11842"
"4567","11843"
"4568","11844"
"4569","11845"
"4570","11846"
"4571","11847"
"4572","11848"
"4573","11849"
"4574","11850"
"4575","11851"
"4576","11852"
"4577","11853"
"4578","11854"
"4579","11855"
"4580","11856"
"4581","11857"
"4582","11858"
"4583","11859"
"4584","11860"
"4585","11861"
"4586","11862"
"4587","11863"
"4588","11864"
"4589","11865"
"4590","11866"
"4591","11867"
"4592","11868"
"4593","11869"
"4594","11870"
"4595","11871"
"4596","11872"
"4597","11873"
"4598","11874"
"4599","11875"
"4600","11876"
"4601","11877"
"4602","11878"
"4603","11879"
"4604","11880"
"4605","11881"
"4606","11882"
"4607","11883"
"4608","11884"
"4609","11885"
"4610","11886"
"4611","11887"
"4612","11888"
"4613","11889"
"4614","11890"
"4615","11891"
"4616","11892"
"4617","11893"
"4618","11894"
"4619","11895"
"4620","11896"
"4621","11897"
"4622","11898"
"4623","11899"
"4624","11900"
"4625","11901"
"4626","11902"
"4627","11903"
"4628","11904"
"4629","11905"
"4630","11906"
"4631","11907"
"4632","11908"
"4633","11909"
"4634","11910"
"4635","11911"
"4636","11912"
"4637","11913"
"4638","11914"
"4639","11915"
"4640","11916"
"4641","11917"
"4642","11918"
"4643","11919"
"4644","11920"
"4645","11921"
"4646","11922"
"4647","11923"
"4648","11924"
"4649","11925"
"4650","11926"
"4651","11927"
"4652","11928"
"4653","11929"
"4654","11930"
"4655","11931"
"4656","11932"
"4657","11933"
"4658","11934"
"4659","11935"
"4660","11936"
"4661","11937"
"4662","11938"
"4663","11939"
"4664","11940"
"4665","11941"
"4666","11942"
"4667","11943"
"4668","11944"
"4669","11945"
"4670","11946"
"4671","11947"
"4672","11948"
"4673","11949"
"4674","11950"
"4675","11951"
"4676","11952"
"4677","11953"
"4678","11954"
"4679","11955"
"4680","11956"
"4681","11957"
"4682","11958"
"4683","11959"
"4684","11960"
"4685","11961"
"4686","11962"
"4687","11963"
"4688","11964"
"4689","11965"
"4690","11966"
"4691","11967"
"4692","11968"
"4693","11969"
"4694","11970"
"4695","11971"
"4696","11972"
"4697","11973"
"4698","11974"
"4699","11975"
"4700","11976"
"4701","11977"
"4702","11978"
"4703","11979"
"4704","11980"
"4705","11981"
"4706","11982"
"4707","11983"
"4708","11984"
"4709","11985"
"4710","11986"
"4711","11987"
"4712","11988"
"4713","11989"
"4714","11990"
"4715","11991"
"4716","11992"
"4717","11993"
"4718","11994"
"4719","11995"
"4720","11996"
"4721","11997"
"4722","11998"
"4723","11999"
"4724","12000"
"4725","12001"
"4726","12002"
"4727","12003"
"4728","12004"
"4729","12005"
"4730","12006"
"4731","12007"
"4732","12008"
"4733","12009"
"4734","12010"
"4735","12011"
"4736","12012"
"4737","12013"
"4738","12014"
"4739","12015"
"4740","12016"
"4741","12017"
"4742","12018"
"4743","12019"
"4744","12020"
"4745","12021"
"4746","12022"
"4747","12023"
"4748","12024"
"4749","12025"
"4750","12026"
"4751","12027"
"4752","12028"
"4753","12029"
"4754","12030"
"4755","12031"
"4756","12032"
"4757","12033"
"4758","12034"
"4759","12035"
"4760","12036"
"4761","12037"
"4762","12038"
"4763","12039"
"4764","12040"
"4765","12041"
"4766","12042"
"4767","12043"
"4768","12044"
"4769","12045"
"4770","12046"
"4771","12047"
"4772","12048"
"4773","12049"
"4774","12050"
"4775","12051"
"4776","12052"
"4777","12053"
"4778","12054"
"4779","12055"
"4780","12056"
"4781","12057"
"4782","12058"
"4783","12059"
"4784","12060"
"4785","12061"
"4786","12062"
"4787","12063"
"4788","12064"
"4789","12065"
"4790","12066"
"4791","12067"
"4792","12068"
"4793","12069"
"4794","12070"
"4795","12071"
"4796","12072"
"4797","12073"
"4798","12074"
"4799","12075"
"4800","12076"
"4801","12077"
"4802","12078"
"4803","12079"
"4804","12080"
"4805","12081"
"4806","12082"
"4807","12083"
"4808","12084"
"4809","12085"
"4810","12086"
"4811","12087"
"4812","12088"
"4813","12089"
"4814","12090"
"4815","12091"
"4816","12092"
"4817","12093"
"4818","12094"
"4819","12095"
"4820","12096"
"4821","12097"
"4822","12098"
"4823","12099"
"4824","12100"
"4825","12101"
"4826","12102"
"4827","12103"
"4828","12104"
"4829","12105"
"4830","12106"
"4831","12107"
"4832","12108"
"4833","12109"
"4834","12110"
"4835","12111"
"4836","12112"
"4837","12113"
"4838","12114"
"4839","12115"
"4840","12116"
"4841","12117"
"4842","12118"
"4843","12119"
"4844","12120"
"4845","12121"
"4846","12122"
"4847","12123"
"4848","12124"
"4849","12125"
"4850","12126"
"4851","12127"
"4852","12128"
"4853","12129"
"4854","12130"
"4855","12131"
"4856","12132"
"4857","12133"
"4858","12134"
"4859","12135"
"4860","12136"
"4861","12137"
"4862","12138"
"4863","12139"
"4864","12140"
"4865","12141"
"4866","12142"
"4867","12143"
"4868","12144"
"4869","12145"
"4870","12146"
"4871","12147"
"4872","12148"
"4873","12149"
"4874","12150"
"4875","12151"
"4876","12152"
"4877","12153"
"4878","12154"
"4879","12155"
"4880","12156"
"4881","12157"
"4882","12158"
"4883","12159"
"4884","12160"
"4885","12161"
"4886","12162"
"4887","12163"
"4888","12164"
"4889","12165"
"4890","12166"
"4891","12167"
"4892","12168"
"4893","12169"
"4894","12170"
"4895","12171"
"4896","12172"
"4897","12173"
"4898","12174"
"4899","12175"
"4900","12176"
"4901","12177"
"4902","12178"
"4903","12179"
"4904","12180"
"4905","12181"
"4906","12182"
"4907","12183"
"4908","12184"
"4909","12185"
"4910","12186"
"4911","12187"
"4912","12188"
"4913","12189"
"4914","12190"
"4915","12191"
"4916","12192"
"4917","12193"
"4918","12194"
"4919","12195"
"4920","12196"
"4921","12197"
"4922","12198"
"4923","12199"
"4924","12200"
"4925","12201"
"4926","12202"
"4927","12203"
"4928","12204"
"4929","12205"
"4930","12206"
"4931","12207"
"4932","12208"
"4933","12209"
"4934","12210"
"4935","12211"
"4936","12212"
"4937","12213"
"4938","12214"
"4939","12215"
"4940","12216"
"4941","12217"
"4942","12218"
"4943","12219"
"4944","12220"
"4945","12221"
"4946","12222"
"4947","12223"
"4948","12224"
"4949","12225"
"4950","12226"
"4951","12227"
"4952","12228"
"4953","12229"
"4954","12230"
"4955","12231"
"4956","12232"
"4957","12233"
"4958","12234"
"4959","12235"
"4960","12236"
"4961","12237"
"4962","12238"
"4963","12239"
"4964","12240"
"4965","12241"
"4966","12242"
"4967","12243"
"4968","12244"
"4969","12245"
"4970","12246"
"4971","12247"
"4972","12248"
"4973","12249"
"4974","12250"
"4975","12251"
"4976","12252"
"4977","12253"
"4978","12254"
"4979","12255"
"4980","12256"
"4981","12257"
"4982","12258"
"4983","12259"
"4984","12260"
"4985","12261"
"4986","12262"
"4987","12263"
"4988","12264"
"4989","12265"
"4990","12266"
"4991","12267"
"4992","12268"
"4993","12269"
"4994","12270"
"4995","12271"
"4996","12272"
"4997","12273"
"4998","12274"
"4999","12275"
"5000","12276"
"5001","12277"
"5002","12278"
"5003","12279"
"5004","12280"
"5005","12281"
"5006","12282"
"5007","12283"
"5008","12284"
"5009","12285"
"5010","12286"
"5011","12287"
"5012","12288"
"5013","12289"
"5014","12290"
"5015","12291"
"5016","12292"
"5017","12293"
"5018","12294"
"5019","12295"
"5020","12296"
"5021","12297"
"5022","12298"
"5023","12299"
"5024","12300"
"5025","12301"
"5026","12302"
"5027","12303"
"5028","12304"
"5029","12305"
"5030","12306"
"5031","12307"
"5032","12308"
"5033","12309"
"5034","12310"
"5035","12311"
"5036","12312"
"5037","12313"
"5038","12314"
"5039","12315"
"5040","12316"
"5041","12317"
"5042","12318"
"5043","12319"
"5044","12320"
"5045","12321"
"5046","12322"
"5047","12323"
"5048","12324"
"5049","12325"
"5050","12326"
"5051","12327"
"5052","12328"
"5053","12329"
"5054","12330"
"5055","12331"
"5056","12332"
"5057","12333"
"5058","12334"
"5059","12335"
"5060","12336"
"5061","12337"
"5062","12338"
"5063","12339"
"5064","12340"
"5065","12341"
"5066","12342"
"5067","12343"
"5068","12344"
"5069","12345"
"5070","12346"
"5071","12347"
"5072","12348"
"5073","12349"
"5074","12350"
"5075","12351"
"5076","12352"
"5077","12353"
"5078","12354"
"5079","12355"
"5080","12356"
"5081","12357"
"5082","12358"
"5083","12359"
"5084","12360"
"5085","12361"
"5086","12362"
"5087","12363"
"5088","12364"
"5089","12365"
"5090","12366"
"5091","12367"
"5092","12368"
"5093","12369"
"5094","12370"
"5095","12371"
"5096","12372"
"5097","12373"
"5098","12374"
"5099","12375"
"5100","12376"
"5101","12377"
"5102","12378"
"5103","12379"
"5104","12380"
"5105","12381"
"5106","12382"
"5107","12383"
"5108","12384"
"5109","12385"
"5110","12386"
"5111","12387"
"5112","12388"
"5113","12389"
"5114","12390"
"5115","12391"
"5116","12392"
"5117","12393"
"5118","12394"
"5119","12395"
"5120","12396"
"5121","12397"
"5122","12398"
"5123","12399"
"5124","12400"
"5125","12401"
"5126","12402"
"5127","12403"
"5128","12404"
"5129","12405"
"5130","12406"
"5131","12407"
"5132","12408"
"5133","12409"
"5134","12410"
"5135","12411"
"5136","12412"
"5137","12413"
"5138","12414"
"5139","12415"
"5140","12416"
"5141","12417"
"5142","12418"
"5143","12419"
"5144","12420"
"5145","12421"
"5146","12422"
"5147","12423"
"5148","12424"
"5149","12425"
"5150","12426"
"5151","12427"
"5152","12428"
"5153","12429"
"5154","12430"
"5155","12431"
"5156","12432"
"5157","12433"
"5158","12434"
"5159","12435"
"5160","12436"
"5161","12437"
"5162","12438"
"5163","12439"
"5164","12440"
"5165","12441"
"5166","12442"
"5167","12443"
"5168","12444"
"5169","12445"
"5170","12446"
"5171","12447"
"5172","12448"
"5173","12449"
"5174","12450"
"5175","12451"
"5176","12452"
"5177","12453"
"5178","12454"
"5179","12455"
"5180","12456"
"5181","12457"
"5182","12458"
"5183","12459"
"5184","12460"
"5185","12461"
"5186","12462"
"5187","12463"
"5188","12464"
"5189","12465"
"5190","12466"
"5191","12467"
"5192","12468"
"5193","12469"
"5194","12470"
"5195","12471"
"5196","12472"
"5197","12473"
"5198","12474"
"5199","12475"
"5200","12476"
"5201","12477"
"5202","12478"
"5203","12479"
"5204","12480"
"5205","12481"
"5206","12482"
"5207","12483"
"5208","12484"
"5209","12485"
"5210","12486"
"5211","12487"
"5212","12488"
"5213","12489"
"5214","12490"
"5215","12491"
"5216","12492"
"5217","12493"
"5218","12494"
"5219","12495"
"5220","12496"
"5221","12497"
"5222","12498"
"5223","12499"
"5224","12500"
"5225","12501"
"5226","12502"
"5227","12503"
"5228","12504"
"5229","12505"
"5230","12506"
"5231","12507"
"5232","12508"
"5233","12509"
"5234","12510"
"5235","12511"
"5236","12512"
"5237","12513"
"5238","12514"
"5239","12515"
"5240","12516"
"5241","12517"
"5242","12518"
"5243","12519"
"5244","12520"
"5245","12521"
"5246","12522"
"5247","12523"
"5248","12524"
"5249","12525"
"5250","12526"
"5251","12527"
"5252","12528"
"5253","12529"
"5254","12530"
"5255","12531"
"5256","12532"
"5257","12533"
"5258","12534"
"5259","12535"
"5260","12536"
"5261","12537"
"5262","12538"
"5263","12539"
"5264","12540"
"5265","12541"
"5266","12542"
"5267","12543"
"5268","12544"
"5269","12545"
"5270","12546"
"5271","12547"
"5272","12548"
"5273","12549"
"5274","12550"
"5275","12551"
"5276","12552"
"5277","12553"
"5278","12554"
"5279","12555"
"5280","12556"
"5281","12557"
"5282","12558"
"5283","12559"
"5284","12560"
"5285","12561"
"5286","12562"
"5287","12563"
"5288","12564"
"5289","12565"
"5290","12566"
"5291","12567"
"5292","12568"
"5293","12569"
"5294","12570"
"5295","12571"
"5296","12572"
"5297","12573"
"5298","12574"
"5299","12575"
"5300","12576"
"5301","12577"
"5302","12578"
"5303","12579"
"5304","12580"
"5305","12581"
"5306","12582"
"5307","12583"
"5308","12584"
"5309","12585"
"5310","12586"
"5311","12587"
"5312","12588"
"5313","12589"
"5314","12590"
"5315","12591"
"5316","12592"
"5317","12593"
"5318","12594"
"5319","12595"
"5320","12596"
"5321","12597"
"5322","12598"
"5323","12599"
"5324","12600"
"5325","12601"
"5326","12602"
"5327","12603"
"5328","12604"
"5329","12605"
"5330","12606"
"5331","12607"
"5332","12608"
"5333","12609"
"5334","12610"
"5335","12611"
"5336","12612"
"5337","12613"
"5338","12614"
"5339","12615"
"5340","12616"
"5341","12617"
"5342","12618"
"5343","12619"
"5344","12620"
"5345","12621"
"5346","12622"
"5347","12623"
"5348","12624"
"5349","12625"
"5350","12626"
"5351","12627"
"5352","12628"
"5353","12629"
"5354","12630"
"5355","12631"
"5356","12632"
"5357","12633"
"5358","12634"
"5359","12635"
"5360","12636"
"5361","12637"
"5362","12638"
"5363","12639"
"5364","12640"
"5365","12641"
"5366","12642"
"5367","12643"
"5368","12644"
"5369","12645"
"5370","12646"
"5371","12647"
"5372","12648"
"5373","12649"
"5374","12650"
"5375","12651"
"5376","12652"
"5377","12653"
"5378","12654"
"5379","12655"
"5380","12656"
"5381","12657"
"5382","12658"
"5383","12659"
"5384","12660"
"5385","12661"
"5386","12662"
"5387","12663"
"5388","12664"
"5389","12665"
"5390","12666"
"5391","12667"
"5392","12668"
"5393","12669"
"5394","12670"
"5395","12671"
"5396","12672"
"5397","12673"
"5398","12674"
"5399","12675"
"5400","12676"
"5401","12677"
"5402","12678"
"5403","12679"
"5404","12680"
"5405","12681"
"5406","12682"
"5407","12683"
"5408","12684"
"5409","12685"
"5410","12686"
"5411","12687"
"5412","12688"
"5413","12689"
"5414","12690"
"5415","12691"
"5416","12692"
"5417","12693"
"5418","12694"
"5419","12695"
"5420","12696"
"5421","12697"
"5422","12698"
"5423","12699"
"5424","12700"
"5425","12701"
"5426","12702"
"5427","12703"
"5428","12704"
"5429","12705"
"5430","12706"
"5431","12707"
"5432","12708"
"5433","12709"
"5434","12710"
"5435","12711"
"5436","12712"
"5437","12713"
"5438","12714"
"5439","12715"
"5440","12716"
"5441","12717"
"5442","12718"
"5443","12719"
"5444","12720"
"5445","12721"
"5446","12722"
"5447","12723"
"5448","12724"
"5449","12725"
"5450","12726"
"5451","12727"
"5452","12728"
"5453","12729"
"5454","12730"
"5455","12731"
"5456","12732"
"5457","12733"
"5458","12734"
"5459","12735"
"5460","12736"
"5461","12737"
"5462","12738"
"5463","12739"
"5464","12740"
"5465","12741"
"5466","12742"
"5467","12743"
"5468","12744"
"5469","12745"
"5470","12746"
"5471","12747"
"5472","12748"
"5473","12749"
"5474","12750"
"5475","12751"
"5476","12752"
"5477","12753"
"5478","12754"
"5479","12755"
"5480","12756"
"5481","12757"
"5482","12758"
"5483","12759"
"5484","12760"
"5485","12761"
"5486","12762"
"5487","12763"
"5488","12764"
"5489","12765"
"5490","12766"
"5491","12767"
"5492","12768"
"5493","12769"
"5494","12770"
"5495","12771"
"5496","12772"
"5497","12773"
"5498","12774"
"5499","12775"
"5500","12776"
"5501","12777"
"5502","12778"
"5503","12779"
"5504","12780"
"5505","12781"
"5506","12782"
"5507","12783"
"5508","12784"
"5509","12785"
"5510","12786"
"5511","12787"
"5512","12788"
"5513","12789"
"5514","12790"
"5515","12791"
"5516","12792"
"5517","12793"
"5518","12794"
"5519","12795"
"5520","12796"
"5521","12797"
"5522","12798"
"5523","12799"
"5524","12800"
"5525","12801"
"5526","12802"
"5527","12803"
"5528","12804"
"5529","12805"
"5530","12806"
"5531","12807"
"5532","12808"
"5533","12809"
"5534","12810"
"5535","12811"
"5536","12812"
"5537","12813"
"5538","12814"
"5539","12815"
"5540","12816"
"5541","12817"
"5542","12818"
"5543","12819"
"5544","12820"
"5545","12821"
"5546","12822"
"5547","12823"
"5548","12824"
"5549","12825"
"5550","12826"
"5551","12827"
"5552","12828"
"5553","12829"
"5554","12830"
"5555","12831"
"5556","12832"
"5557","12833"
"5558","12834"
"5559","12835"
"5560","12836"
"5561","12837"
"5562","12838"
"5563","12839"
"5564","12840"
"5565","12841"
"5566","12842"
"5567","12843"
"5568","12844"
"5569","12845"
"5570","12846"
"5571","12847"
"5572","12848"
"5573","12849"
"5574","12850"
"5575","12851"
"5576","12852"
"5577","12853"
"5578","12854"
"5579","12855"
"5580","12856"
"5581","12857"
"5582","12858"
"5583","12859"
"5584","12860"
"5585","12861"
"5586","12862"
"5587","12863"
"5588","12864"
"5589","12865"
"5590","12866"
"5591","12867"
"5592","12868"
"5593","12869"
"5594","12870"
"5595","12871"
"5596","12872"
"5597","12873"
"5598","12874"
"5599","12875"
"5600","12876"
"5601","12877"
"5602","12878"
"5603","12879"
"5604","12880"
"5605","12881"
"5606","12882"
"5607","12883"
"5608","12884"
"5609","12885"
"5610","12886"
"5611","12887"
"5612","12888"
"5613","12889"
"5614","12890"
"5615","12891"
"5616","12892"
"5617","12893"
"5618","12894"
"5619","12895"
"5620","12896"
"5621","12897"
"5622","12898"
"5623","12899"
"5624","12900"
"5625","12901"
"5626","12902"
"5627","12903"
"5628","12904"
"5629","12905"
"5630","12906"
"5631","12907"
"5632","12908"
"5633","12909"
"5634","12910"
"5635","12911"
"5636","12912"
"5637","12913"
"5638","12914"
"5639","12915"
"5640","12916"
"5641","12917"
"5642","12918"
"5643","12919"
"5644","12920"
"5645","12921"
"5646","12922"
"5647","12923"
"5648","12924"
"5649","12925"
"5650","12926"
"5651","12927"
"5652","12928"
"5653","12929"
"5654","12930"
"5655","12931"
"5656","12932"
"5657","12933"
"5658","12934"
"5659","12935"
"5660","12936"
"5661","12937"
"5662","12938"
"5663","12939"
"5664","12940"
"5665","12941"
"5666","12942"
"5667","12943"
"5668","12944"
"5669","12945"
"5670","12946"
"5671","12947"
"5672","12948"
"5673","12949"
"5674","12950"
"5675","12951"
"5676","12952"
"5677","12953"
"5678","12954"
"5679","12955"
"5680","12956"
"5681","12957"
"5682","12958"
"5683","12959"
"5684","12960"
"5685","12961"
"5686","12962"
"5687","12963"
"5688","12964"
"5689","12965"
"5690","12966"
"5691","12967"
"5692","12968"
"5693","12969"
"5694","12970"
"5695","12971"
"5696","12972"
"5697","12973"
"5698","12974"
"5699","12975"
"5700","12976"
"5701","12977"
"5702","12978"
"5703","12979"
"5704","12980"
"5705","12981"
"5706","12982"
"5707","12983"
"5708","12984"
"5709","12985"
"5710","12986"
"5711","12987"
"5712","12988"
"5713","12989"
"5714","12990"
"5715","12991"
"5716","12992"
"5717","12993"
"5718","12994"
"5719","12995"
"5720","12996"
"5721","12997"
"5722","12998"
"5723","12999"
"5724","13000"
"5725","13001"
"5726","13002"
"5727","13003"
"5728","13004"
"5729","13005"
"5730","13006"
"5731","13007"
"5732","13008"
"5733","13009"
"5734","13010"
"5735","13011"
"5736","13012"
"5737","13013"
"5738","13014"
"5739","13015"
"5740","13016"
"5741","13017"
"5742","13018"
"5743","13019"
"5744","13020"
"5745","13021"
"5746","13022"
"5747","13023"
"5748","13024"
"5749","13025"
"5750","13026"
"5751","13027"
"5752","13028"
"5753","13029"
"5754","13030"
"5755","13031"
"5756","13032"
"5757","13033"
"5758","13034"
"5759","13035"
"5760","13036"
"5761","13037"
"5762","13038"
"5763","13039"
"5764","13040"
"5765","13041"
"5766","13042"
"5767","13043"
"5768","13044"
"5769","13045"
"5770","13046"
"5771","13047"
"5772","13048"
"5773","13049"
"5774","13050"
"5775","13051"
"5776","13052"
"5777","13053"
"5778","13054"
"5779","13055"
"5780","13056"
"5781","13057"
"5782","13058"
"5783","13059"
"5784","13060"
"5785","13061"
"5786","13062"
"5787","13063"
"5788","13064"
"5789","13065"
"5790","13066"
"5791","13067"
"5792","13068"
"5793","13069"
"5794","13070"
"5795","13071"
"5796","13072"
"5797","13073"
"5798","13074"
"5799","13075"
"5800","13076"
"5801","13077"
"5802","13078"
"5803","13079"
"5804","13080"
"5805","13081"
"5806","13082"
"5807","13083"
"5808","13084"
"5809","13085"
"5810","13086"
"5811","13087"
"5812","13088"
"5813","13089"
"5814","13090"
"5815","13091"
"5816","13092"
"5817","13093"
"5818","13094"
"5819","13095"
"5820","13096"
"5821","13097"
"5822","13098"
"5823","13099"
"5824","13100"
"5825","13101"
"5826","13102"
"5827","13103"
"5828","13104"
"5829","13105"
"5830","13106"
"5831","13107"
"5832","13108"
"5833","13109"
"5834","13110"
"5835","13111"
"5836","13112"
"5837","13113"
"5838","13114"
"5839","13115"
"5840","13116"
"5841","13117"
"5842","13118"
"5843","13119"
"5844","13120"
"5845","13121"
"5846","13122"
"5847","13123"
"5848","13124"
"5849","13125"
"5850","13126"
"5851","13127"
"5852","13128"
"5853","13129"
"5854","13130"
"5855","13131"
"5856","13132"
"5857","13133"
"5858","13134"
"5859","13135"
"5860","13136"
"5861","13137"
"5862","13138"
"5863","13139"
"5864","13140"
"5865","13141"
"5866","13142"
"5867","13143"
"5868","13144"
"5869","13145"
"5870","13146"
"5871","13147"
"5872","13148"
"5873","13149"
"5874","13150"
"5875","13151"
"5876","13152"
"5877","13153"
"5878","13154"
"5879","13155"
"5880","13156"
"5881","13157"
"5882","13158"
"5883","13159"
"5884","13160"
"5885","13161"
"5886","13162"
"5887","13163"
"5888","13164"
"5889","13165"
"5890","13166"
"5891","13167"
"5892","13168"
"5893","13169"
"5894","13170"
"5895","13171"
"5896","13172"
"5897","13173"
"5898","13174"
"5899","13175"
"5900","13176"
"5901","13177"
"5902","13178"
"5903","13179"
"5904","13180"
"5905","13181"
"5906","13182"
"5907","13183"
"5908","13184"
"5909","13185"
"5910","13186"
"5911","13187"
"5912","13188"
"5913","13189"
"5914","13190"
"5915","13191"
"5916","13192"
"5917","13193"
"5918","13194"
"5919","13195"
"5920","13196"
"5921","13197"
"5922","13198"
"5923","13199"
"5924","13200"
"5925","13201"
"5926","13202"
"5927","13203"
"5928","13204"
"5929","13205"
"5930","13206"
"5931","13207"
"5932","13208"
"5933","13209"
"5934","13210"
"5935","13211"
"5936","13212"
"5937","13213"
"5938","13214"
"5939","13215"
"5940","13216"
"5941","13217"
"5942","13218"
"5943","13219"
"5944","13220"
"5945","13221"
"5946","13222"
"5947","13223"
"5948","13224"
"5949","13225"
"5950","13226"
"5951","13227"
"5952","13228"
"5953","13229"
"5954","13230"
"5955","13231"
"5956","13232"
"5957","13233"
"5958","13234"
"5959","13235"
"5960","13236"
"5961","13237"
"5962","13238"
"5963","13239"
"5964","13240"
"5965","13241"
"5966","13242"
"5967","13243"
"5968","13244"
"5969","13245"
"5970","13246"
"5971","13247"
"5972","13248"
"5973","13249"
"5974","13250"
"5975","13251"
"5976","13252"
"5977","13253"
"5978","13254"
"5979","13255"
"5980","13256"
"5981","13257"
"5982","13258"
"5983","13259"
"5984","13260"
"5985","13261"
"5986","13262"
"5987","13263"
"5988","13264"
"5989","13265"
"5990","13266"
"5991","13267"
"5992","13268"
"5993","13269"
"5994","13270"
"5995","13271"
"5996","13272"
"5997","13273"
"5998","13274"
"5999","13275"
"6000","13276"
"6001","13277"
"6002","13278"
"6003","13279"
"6004","13280"
"6005","13281"
"6006","13282"
"6007","13283"
"6008","13284"
"6009","13285"
"6010","13286"
"6011","13287"
"6012","13288"
"6013","13289"
"6014","13290"
"6015","13291"
"6016","13292"
"6017","13293"
"6018","13294"
"6019","13295"
"6020","13296"
"6021","13297"
"6022","13298"
"6023","13299"
"6024","13300"
"6025","13301"
"6026","13302"
"6027","13303"
"6028","13304"
"6029","13305"
"6030","13306"
"6031","13307"
"6032","13308"
"6033","13309"
"6034","13310"
"6035","13311"
"6036","13312"
"6037","13313"
"6038","13314"
"6039","13315"
"6040","13316"
"6041","13317"
"6042","13318"
"6043","13319"
"6044","13320"
"6045","13321"
"6046","13322"
"6047","13323"
"6048","13324"
"6049","13325"
"6050","13326"
"6051","13327"
"6052","13328"
"6053","13329"
"6054","13330"
"6055","13331"
"6056","13332"
"6057","13333"
"6058","13334"
"6059","13335"
"6060","13336"
"6061","13337"
"6062","13338"
"6063","13339"
"6064","13340"
"6065","13341"
"6066","13342"
"6067","13343"
"6068","13344"
"6069","13345"
"6070","13346"
"6071","13347"
"6072","13348"
"6073","13349"
"6074","13350"
"6075","13351"
"6076","13352"
"6077","13353"
"6078","13354"
"6079","13355"
"6080","13356"
"6081","13357"
"6082","13358"
"6083","13359"
"6084","13360"
"6085","13361"
"6086","13362"
"6087","13363"
"6088","13364"
"6089","13365"
"6090","13366"
"6091","13367"
"6092","13368"
"6093","13369"
"6094","13370"
"6095","13371"
"6096","13372"
"6097","13373"
"6098","13374"
"6099","13375"
"6100","13376"
"6101","13377"
"6102","13378"
"6103","13379"
"6104","13380"
"6105","13381"
"6106","13382"
"6107","13383"
"6108","13384"
"6109","13385"
"6110","13386"
"6111","13387"
"6112","13388"
"6113","13389"
"6114","13390"
"6115","13391"
"6116","13392"
"6117","13393"
"6118","13394"
"6119","13395"
"6120","13396"
"6121","13397"
"6122","13398"
"6123","13399"
"6124","13400"
"6125","13401"
"6126","13402"
"6127","13403"
"6128","13404"
"6129","13405"
"6130","13406"
"6131","13407"
"6132","13408"
"6133","13409"
"6134","13410"
"6135","13411"
"6136","13412"
"6137","13413"
"6138","13414"
"6139","13415"
"6140","13416"
"6141","13417"
"6142","13418"
"6143","13419"
"6144","13420"
"6145","13421"
"6146","13422"
"6147","13423"
"6148","13424"
"6149","13425"
"6150","13426"
"6151","13427"
"6152","13428"
"6153","13429"
"6154","13430"
"6155","13431"
"6156","13432"
"6157","13433"
"6158","13434"
"6159","13435"
"6160","13436"
"6161","13437"
"6162","13438"
"6163","13439"
"6164","13440"
"6165","13441"
"6166","13442"
"6167","13443"
"6168","13444"
"6169","13445"
"6170","13446"
"6171","13447"
"6172","13448"
"6173","13449"
"6174","13450"
"6175","13451"
"6176","13452"
"6177","13453"
"6178","13454"
"6179","13455"
"6180","13456"
"6181","13457"
"6182","13458"
"6183","13459"
"6184","13460"
"6185","13461"
"6186","13462"
"6187","13463"
"6188","13464"
"6189","13465"
"6190","13466"
"6191","13467"
"6192","13468"
"6193","13469"
"6194","13470"
"6195","13471"
"6196","13472"
"6197","13473"
"6198","13474"
"6199","13475"
"6200","13476"
"6201","13477"
"6202","13478"
"6203","13479"
"6204","13480"
"6205","13481"
"6206","13482"
"6207","13483"
"6208","13484"
"6209","13485"
"6210","13486"
"6211","13487"
"6212","13488"
"6213","13489"
"6214","13490"
"6215","13491"
"6216","13492"
"6217","13493"
"6218","13494"
"6219","13495"
"6220","13496"
"6221","13497"
"6222","13498"
"6223","13499"
"6224","13500"
"6225","13501"
"6226","13502"
"6227","13503"
"6228","13504"
"6229","13505"
"6230","13506"
"6231","13507"
"6232","13508"
"6233","13509"
"6234","13510"
"6235","13511"
"6236","13512"
"6237","13513"
"6238","13514"
"6239","13515"
"6240","13516"
"6241","13517"
"6242","13518"
"6243","13519"
"6244","13520"
"6245","13521"
"6246","13522"
"6247","13523"
"6248","13524"
"6249","13525"
"6250","13526"
"6251","13527"
"6252","13528"
"6253","13529"
"6254","13530"
"6255","13531"
"6256","13532"
"6257","13533"
"6258","13534"
"6259","13535"
"6260","13536"
"6261","13537"
"6262","13538"
"6263","13539"
"6264","13540"
"6265","13541"
"6266","13542"
"6267","13543"
"6268","13544"
"6269","13545"
"6270","13546"
"6271","13547"
"6272","13548"
"6273","13549"
"6274","13550"
"6275","13551"
"6276","13552"
"6277","13553"
"6278","13554"
"6279","13555"
"6280","13556"
"6281","13557"
"6282","13558"
"6283","13559"
"6284","13560"
"6285","13561"
"6286","13562"
"6287","13563"
"6288","13564"
"6289","13565"
"6290","13566"
"6291","13567"
"6292","13568"
"6293","13569"
"6294","13570"
"6295","13571"
"6296","13572"
"6297","13573"
"6298","13574"
"6299","13575"
"6300","13576"
"6301","13577"
"6302","13578"
"6303","13579"
"6304","13580"
"6305","13581"
"6306","13582"
"6307","13583"
"6308","13584"
"6309","13585"
"6310","13586"
"6311","13587"
"6312","13588"
"6313","13589"
"6314","13590"
"6315","13591"
"6316","13592"
"6317","13593"
"6318","13594"
"6319","13595"
"6320","13596"
"6321","13597"
"6322","13598"
"6323","13599"
"6324","13600"
"6325","13601"
"6326","13602"
"6327","13603"
"6328","13604"
"6329","13605"
"6330","13606"
"6331","13607"
"6332","13608"
"6333","13609"
"6334","13610"
"6335","13611"
"6336","13612"
"6337","13613"
"6338","13614"
"6339","13615"
"6340","13616"
"6341","13617"
"6342","13618"
"6343","13619"
"6344","13620"
"6345","13621"
"6346","13622"
"6347","13623"
"6348","13624"
"6349","13625"
"6350","13626"
"6351","13627"
"6352","13628"
"6353","13629"
"6354","13630"
"6355","13631"
"6356","13632"
"6357","13633"
"6358","13634"
"6359","13635"
"6360","13636"
"6361","13637"
"6362","13638"
"6363","13639"
"6364","13640"
"6365","13641"
"6366","13642"
"6367","13643"
"6368","13644"
"6369","13645"
"6370","13646"
"6371","13647"
"6372","13648"
"6373","13649"
"6374","13650"
"6375","13651"
"6376","13652"
"6377","13653"
"6378","13654"
"6379","13655"
"6380","13656"
"6381","13657"
"6382","13658"
"6383","13659"
"6384","13660"
"6385","13661"
"6386","13662"
"6387","13663"
"6388","13664"
"6389","13665"
"6390","13666"
"6391","13667"
"6392","13668"
"6393","13669"
"6394","13670"
"6395","13671"
"6396","13672"
"6397","13673"
"6398","13674"
"6399","13675"
"6400","13676"
"6401","13677"
"6402","13678"
"6403","13679"
"6404","13680"
"6405","13681"
"6406","13682"
"6407","13683"
"6408","13684"
"6409","13685"
"6410","13686"
"6411","13687"
"6412","13688"
"6413","13689"
"6414","13690"
"6415","13691"
"6416","13692"
"6417","13693"
"6418","13694"
"6419","13695"
"6420","13696"
"6421","13697"
"6422","13698"
"6423","13699"
"6424","13700"
"6425","13701"
"6426","13702"
"6427","13703"
"6428","13704"
"6429","13705"
"6430","13706"
"6431","13707"
"6432","13708"
"6433","13709"
"6434","13710"
"6435","13711"
"6436","13712"
"6437","13713"
"6438","13714"
"6439","13715"
"6440","13716"
"6441","13717"
"6442","13718"
"6443","13719"
"6444","13720"
"6445","13721"
"6446","13722"
"6447","13723"
"6448","13724"
"6449","13725"
"6450","13726"
"6451","13727"
"6452","13728"
"6453","13729"
"6454","13730"
"6455","13731"
"6456","13732"
"6457","13733"
"6458","13734"
"6459","13735"
"6460","13736"
"6461","13737"
"6462","13738"
"6463","13739"
"6464","13740"
"6465","13741"
"6466","13742"
"6467","13743"
"6468","13744"
"6469","13745"
"6470","13746"
"6471","13747"
"6472","13748"
"6473","13749"
"6474","13750"
"6475","13751"
"6476","13752"
"6477","13753"
"6478","13754"
"6479","13755"
"6480","13756"
"6481","13757"
"6482","13758"
"6483","13759"
"6484","13760"
"6485","13761"
"6486","13762"
"6487","13763"
"6488","13764"
"6489","13765"
"6490","13766"
"6491","13767"
"6492","13768"
"6493","13769"
"6494","13770"
"6495","13771"
"6496","13772"
"6497","13773"
"6498","13774"
"6499","13775"
"6500","13776"
"6501","13777"
"6502","13778"
"6503","13779"
"6504","13780"
"6505","13781"
"6506","13782"
"6507","13783"
"6508","13784"
"6509","13785"
"6510","13786"
"6511","13787"
"6512","13788"
"6513","13789"
"6514","13790"
"6515","13791"
"6516","13792"
"6517","13793"
"6518","13794"
"6519","13795"
"6520","13796"
"6521","13797"
"6522","13798"
"6523","13799"
"6524","13800"
"6525","13801"
"6526","13802"
"6527","13803"
"6528","13804"
"6529","13805"
"6530","13806"
"6531","13807"
"6532","13808"
"6533","13809"
"6534","13810"
"6535","13811"
"6536","13812"
"6537","13813"
"6538","13814"
"6539","13815"
"6540","13816"
"6541","13817"
"6542","13818"
"6543","13819"
"6544","13820"
"6545","13821"
"6546","13822"
"6547","13823"
"6548","13824"
"6549","13825"
"6550","13826"
"6551","13827"
"6552","13828"
"6553","13829"
"6554","13830"
"6555","13831"
"6556","13832"
"6557","13833"
"6558","13834"
"6559","13835"
"6560","13836"
"6561","13837"
"6562","13838"
"6563","13839"
"6564","13840"
"6565","13841"
"6566","13842"
"6567","13843"
"6568","13844"
"6569","13845"
"6570","13846"
"6571","13847"
"6572","13848"
"6573","13849"
"6574","13850"
"6575","13851"
"6576","13852"
"6577","13853"
"6578","13854"
"6579","13855"
"6580","13856"
"6581","13857"
"6582","13858"
"6583","13859"
"6584","13860"
"6585","13861"
"6586","13862"
"6587","13863"
"6588","13864"
"6589","13865"
"6590","13866"
"6591","13867"
"6592","13868"
"6593","13869"
"6594","13870"
"6595","13871"
"6596","13872"
"6597","13873"
"6598","13874"
"6599","13875"
"6600","13876"
"6601","13877"
"6602","13878"
"6603","13879"
"6604","13880"
"6605","13881"
"6606","13882"
"6607","13883"
"6608","13884"
"6609","13885"
"6610","13886"
"6611","13887"
"6612","13888"
"6613","13889"
"6614","13890"
"6615","13891"
"6616","13892"
"6617","13893"
"6618","13894"
"6619","13895"
"6620","13896"
"6621","13897"
"6622","13898"
"6623","13899"
"6624","13900"
"6625","13901"
"6626","13902"
"6627","13903"
"6628","13904"
"6629","13905"
"6630","13906"
"6631","13907"
"6632","13908"
"6633","13909"
"6634","13910"
"6635","13911"
"6636","13912"
"6637","13913"
"6638","13914"
"6639","13915"
"6640","13916"
"6641","13917"
"6642","13918"
"6643","13919"
"6644","13920"
"6645","13921"
"6646","13922"
"6647","13923"
"6648","13924"
"6649","13925"
"6650","13926"
"6651","13927"
"6652","13928"
"6653","13929"
"6654","13930"
"6655","13931"
"6656","13932"
"6657","13933"
"6658","13934"
"6659","13935"
"6660","13936"
"6661","13937"
"6662","13938"
"6663","13939"
"6664","13940"
"6665","13941"
"6666","13942"
"6667","13943"
"6668","13944"
"6669","13945"
"6670","13946"
"6671","13947"
"6672","13948"
"6673","13949"
"6674","13950"
"6675","13951"
"6676","13952"
"6677","13953"
"6678","13954"
"6679","13955"
"6680","13956"
"6681","13957"
"6682","13958"
"6683","13959"
"6684","13960"
"6685","13961"
"6686","13962"
"6687","13963"
"6688","13964"
"6689","13965"
"6690","13966"
"6691","13967"
"6692","13968"
"6693","13969"
"6694","13970"
"6695","13971"
"6696","13972"
"6697","13973"
"6698","13974"
"6699","13975"
"6700","13976"
"6701","13977"
"6702","13978"
"6703","13979"
"6704","13980"
"6705","13981"
"6706","13982"
"6707","13983"
"6708","13984"
"6709","13985"
"6710","13986"
"6711","13987"
"6712","13988"
"6713","13989"
"6714","13990"
"6715","13991"
"6716","13992"
"6717","13993"
"6718","13994"
"6719","13995"
"6720","13996"
"6721","13997"
"6722","13998"
"6723","13999"
"6724","14000"
"6725","14001"
"6726","14002"
"6727","14003"
"6728","14004"
"6729","14005"
"6730","14006"
"6731","14007"
"6732","14008"
"6733","14009"
"6734","14010"
"6735","14011"
"6736","14012"
"6737","14013"
"6738","14014"
"6739","14015"
"6740","14016"
"6741","14017"
"6742","14018"
"6743","14019"
"6744","14020"
"6745","14021"
"6746","14022"
"6747","14023"
"6748","14024"
"6749","14025"
"6750","14026"
"6751","14027"
"6752","14028"
"6753","14029"
"6754","14030"
"6755","14031"
"6756","14032"
"6757","14033"
"6758","14034"
"6759","14035"
"6760","14036"
"6761","14037"
"6762","14038"
"6763","14039"
"6764","14040"
"6765","14041"
"6766","14042"
"6767","14043"
"6768","14044"
"6769","14045"
"6770","14046"
"6771","14047"
"6772","14048"
"6773","14049"
"6774","14050"
"6775","14051"
"6776","14052"
"6777","14053"
"6778","14054"
"6779","14055"
"6780","14056"
"6781","14057"
"6782","14058"
"6783","14059"
"6784","14060"
"6785","14061"
"6786","14062"
"6787","14063"
"6788","14064"
"6789","14065"
"6790","14066"
"6791","14067"
"6792","14068"
"6793","14069"
"6794","14070"
"6795","14071"
"6796","14072"
"6797","14073"
"6798","14074"
"6799","14075"
"6800","14076"
"6801","14077"
"6802","14078"
"6803","14079"
"6804","14080"
"6805","14081"
"6806","14082"
"6807","14083"
"6808","14084"
"6809","14085"
"6810","14086"
"6811","14087"
"6812","14088"
"6813","14089"
"6814","14090"
"6815","14091"
"6816","14092"
"6817","14093"
"6818","14094"
"6819","14095"
"6820","14096"
"6821","14097"
"6822","14098"
"6823","14099"
"6824","14100"
"6825","14101"
"6826","14102"
"6827","14103"
"6828","14104"
"6829","14105"
"6830","14106"
"6831","14107"
"6832","14108"
"6833","14109"
"6834","14110"
"6835","14111"
"6836","14112"
"6837","14113"
"6838","14114"
"6839","14115"
"6840","14116"
"6841","14117"
"6842","14118"
"6843","14119"
"6844","14120"
"6845","14121"
"6846","14122"
"6847","14123"
"6848","14124"
"6849","14125"
"6850","14126"
"6851","14127"
"6852","14128"
"6853","14129"
"6854","14130"
