"case_id","person_id"
"3359","956"
"3360","906"
"3361","2878"
"3362","226"
"3363","2594"
"3364","2511"
"3365","633"
"3366","2670"
"3367","2734"
"3368","1062"
"3369","40"
"3370","368"
"3371","56"
"3372","3005"
"3373","1865"
"3374","1512"
"3375","1397"
"3376","624"
"3377","236"
"3378","1720"
"3379","1404"
"3380","2992"
"3381","2561"
"3382","2138"
"3383","1083"
"3384","2160"
"3385","1548"
"3386","1223"
"3387","1060"
"3388","1809"
"3389","3146"
"3390","2098"
"3391","2198"
"3392","1154"
"3393","156"
"3394","3200"
"3395","873"
"3396","874"
"3397","962"
"3398","3085"
"3399","199"
"3400","722"
"3401","1343"
"3402","272"
"3403","2189"
"3404","2243"
"3405","3118"
"3406","3358"
"3407","1595"
"3408","1288"
"3409","2856"
"3410","3194"
"3411","3320"
"3412","64"
"3413","1010"
"3414","819"
"3415","2469"
"3416","465"
"3417","1705"
"3418","672"
"3419","1741"
"3420","3309"
"3421","1728"
"3422","716"
"3423","1225"
"3424","505"
"3425","2666"
"3426","1296"
"3427","1057"
"3428","3156"
"3429","681"
"3430","2300"
"3431","1506"
"3432","2795"
"3433","2263"
"3434","2006"
"3435","1322"
"3436","3231"
"3437","1208"
"3438","1271"
"3439","936"
"3440","168"
"3441","1035"
"3442","699"
"3443","778"
"3444","1847"
"3445","2364"
"3446","638"
"3447","704"
"3448","2654"
"3449","102"
"3450","1199"
"3451","2681"
"3452","1861"
"3453","1417"
"3454","2571"
"3455","2852"
"3456","181"
"3457","2285"
"3458","151"
"3459","898"
"3460","471"
"3461","2618"
"3462","3116"
"3463","2420"
"3464","2311"
"3465","616"
"3466","1742"
"3467","607"
"3468","2947"
"3469","3174"
"3470","308"
"3471","594"
"3472","238"
"3473","399"
"3474","3017"
"3475","2472"
"3476","1205"
"3477","237"
"3478","2809"
"3479","2452"
"3480","1118"
"3481","2245"
"3482","257"
"3483","2391"
"3484","3125"
"3485","187"
"3486","3235"
"3487","3268"
"3488","2833"
"3489","87"
"3490","69"
"3491","808"
"3492","1950"
"3493","2938"
"3494","1755"
"3495","1016"
"3496","1071"
"3497","2074"
"3498","2512"
"3499","1778"
"3500","353"
"3501","1988"
"3502","1395"
"3503","3190"
"3504","222"
"3505","1353"
"3506","1063"
"3507","1077"
"3508","3085"
"3509","3240"
"3510","1708"
"3511","1007"
"3512","1887"
"3513","2934"
"3514","2377"
"3515","1985"
"3516","1391"
"3517","801"
"3518","213"
"3519","3114"
"3520","2621"
"3521","32"
"3522","2010"
"3523","727"
"3524","3031"
"3525","2381"
"3526","1086"
"3527","1229"
"3528","1854"
"3529","2865"
"3530","1537"
"3531","197"
"3532","1433"
"3533","6"
"3534","3298"
"3535","2033"
"3536","1803"
"3537","254"
"3538","2163"
"3539","2290"
"3540","841"
"3541","2676"
"3542","1785"
"3543","1596"
"3544","2106"
"3545","2967"
"3546","1725"
"3547","1415"
"3548","1156"
"3549","1757"
"3550","1858"
"3551","2135"
"3552","2982"
"3553","63"
"3554","1716"
"3555","2663"
"3556","1048"
"3557","541"
"3558","2315"
"3559","965"
"3560","842"
"3561","2954"
"3562","2283"
"3563","2193"
"3564","1476"
"3565","1030"
"3566","771"
"3567","1771"
"3568","2228"
"3569","1058"
"3570","2199"
"3571","1654"
"3572","847"
"3573","2127"
"3574","1707"
"3575","1249"
"3576","1642"
"3577","2484"
"3578","1786"
"3579","1932"
"3580","969"
"3581","293"
"3582","601"
"3583","2691"
"3584","1920"
"3585","2246"
"3586","2942"
"3587","1422"
"3588","2686"
"3589","1127"
"3590","477"
"3591","1207"
"3592","2787"
"3593","3164"
"3594","2224"
"3595","2914"
"3596","1585"
"3597","2226"
"3598","3286"
"3599","3210"
"3600","1358"
"3601","2746"
"3602","1484"
"3603","2996"
"3604","3260"
"3605","2971"
"3606","545"
"3607","825"
"3608","2674"
"3609","1867"
"3610","2295"
"3611","2338"
"3612","2210"
"3613","865"
"3614","1302"
"3615","806"
"3616","318"
"3617","2659"
"3618","3058"
"3619","3014"
"3620","405"
"3621","2288"
"3622","559"
"3623","565"
"3624","1351"
"3625","3142"
"3626","2528"
"3627","2692"
"3628","705"
"3629","2164"
"3630","3331"
"3631","2215"
"3632","2504"
"3633","3326"
"3634","2175"
"3635","1179"
"3636","433"
"3637","374"
"3638","574"
"3639","1814"
"3640","2604"
"3641","2926"
"3642","289"
"3643","342"
"3644","256"
"3645","264"
"3646","2348"
"3647","2694"
"3648","3129"
"3649","2567"
"3650","2618"
"3651","1446"
"3652","1019"
"3653","3224"
"3654","1518"
"3655","2402"
"3656","3233"
"3657","703"
"3658","1228"
"3659","1324"
"3660","169"
"3661","3086"
"3662","2258"
"3663","1718"
"3664","2463"
"3665","1065"
"3666","3004"
"3667","1808"
"3668","2375"
"3669","1302"
"3670","3254"
"3671","1572"
"3672","1072"
"3673","774"
"3674","418"
"3675","1231"
"3676","2027"
"3677","2957"
"3678","3101"
"3679","3301"
"3680","2562"
"3681","1223"
"3682","1150"
"3683","65"
"3684","2721"
"3685","2546"
"3686","171"
"3687","1896"
"3688","886"
"3689","1098"
"3690","3195"
"3691","2742"
"3692","2772"
"3693","1420"
"3694","2563"
"3695","1434"
"3696","2841"
"3697","2105"
"3698","1675"
"3699","1951"
"3700","3051"
"3701","2979"
"3702","3322"
"3703","2108"
"3704","557"
"3705","597"
"3706","941"
"3707","3250"
"3708","1131"
"3709","20"
"3710","502"
"3711","2337"
"3712","3302"
"3713","2532"
"3714","1024"
"3715","1923"
"3716","2701"
"3717","1962"
"3718","2886"
"3719","424"
"3720","3176"
"3721","1787"
"3722","2499"
"3723","2740"
"3724","31"
"3725","3292"
"3726","3282"
"3727","2413"
"3728","1617"
"3729","732"
"3730","2715"
"3731","1857"
"3732","611"
"3733","920"
"3734","917"
"3735","1973"
"3736","3029"
"3737","1734"
"3738","331"
"3739","595"
"3740","744"
"3741","692"
"3742","888"
"3743","836"
"3744","267"
"3745","2502"
"3746","2980"
"3747","1965"
"3748","1692"
"3749","910"
"3750","2803"
"3751","1815"
"3752","133"
"3753","2903"
"3754","966"
"3755","1424"
"3756","430"
"3757","728"
"3758","2142"
"3759","2395"
"3760","1928"
"3761","2872"
"3762","1384"
"3763","2257"
"3764","997"
"3765","2599"
"3766","3255"
"3767","2867"
"3768","3284"
"3769","2811"
"3770","1220"
"3771","1840"
"3772","2834"
"3773","2771"
"3774","1493"
"3775","654"
"3776","1079"
"3777","1509"
"3778","1669"
"3779","2380"
"3780","189"
"3781","1389"
"3782","1061"
"3783","1866"
"3784","1641"
"3785","1106"
"3786","42"
"3787","3076"
"3788","441"
"3789","918"
"3790","131"
"3791","285"
"3792","436"
"3793","625"
"3794","1123"
"3795","2089"
"3796","141"
"3797","3319"
"3798","1855"
"3799","1913"
"3800","2983"
"3801","75"
"3802","13"
"3803","2627"
"3804","3168"
"3805","3145"
"3806","2382"
"3807","2102"
"3808","1475"
"3809","1477"
"3810","3303"
"3811","2593"
"3812","1258"
"3813","1697"
"3814","2392"
"3815","1400"
"3816","1125"
"3817","1485"
"3818","580"
"3819","1089"
"3820","1201"
"3821","129"
"3822","43"
"3823","1321"
"3824","281"
"3825","170"
"3826","2169"
"3827","2707"
"3828","2835"
"3829","1989"
"3830","1449"
"3831","2673"
"3832","2197"
"3833","923"
"3834","1551"
"3835","3079"
"3836","1001"
"3837","2522"
"3838","1328"
"3839","2448"
"3840","498"
"3841","2065"
"3842","2488"
"3843","2310"
"3844","2765"
"3845","1900"
"3846","2994"
"3847","2513"
"3848","210"
"3849","1717"
"3850","3280"
"3851","427"
"3852","1909"
"3853","2097"
"3854","1292"
"3855","307"
"3856","2410"
"3857","3122"
"3858","791"
"3859","1544"
"3860","895"
"3861","2125"
"3862","1431"
"3863","919"
"3864","1798"
"3865","1373"
"3866","824"
"3867","635"
"3868","618"
"3869","2541"
"3870","2440"
"3871","1511"
"3872","192"
"3873","2959"
"3874","307"
"3875","680"
"3876","3010"
"3877","899"
"3878","1043"
"3879","2039"
"3880","2407"
"3881","843"
"3882","697"
"3883","413"
"3884","3290"
"3885","2802"
"3886","1045"
"3887","1660"
"3888","890"
"3889","1776"
"3890","2165"
"3891","3312"
"3892","1627"
"3893","1354"
"3894","336"
"3895","1237"
"3896","2272"
"3897","1080"
"3898","2531"
"3899","1195"
"3900","1170"
"3901","1540"
"3902","2456"
"3903","2789"
"3904","1460"
"3905","2149"
"3906","2066"
"3907","2875"
"3908","904"
"3909","2418"
"3910","3106"
"3911","2975"
"3912","1409"
"3913","3293"
"3914","131"
"3915","2656"
"3916","2403"
"3917","243"
"3918","3168"
"3919","377"
"3920","1472"
"3921","1522"
"3922","2911"
"3923","2755"
"3924","3324"
"3925","954"
"3926","1480"
"3927","2861"
"3928","373"
"3929","2284"
"3930","3269"
"3931","551"
"3932","592"
"3933","3009"
"3934","924"
"3935","3261"
"3936","914"
"3937","2552"
"3938","2743"
"3939","1289"
"3940","559"
"3941","2217"
"3942","788"
"3943","3006"
"3944","1611"
"3945","2840"
"3946","1663"
"3947","2404"
"3948","2159"
"3949","1338"
"3950","117"
"3951","3017"
"3952","523"
"3953","2888"
"3954","3020"
"3955","3317"
"3956","304"
"3957","721"
"3958","403"
"3959","958"
"3960","2196"
"3961","1482"
"3962","2712"
"3963","2619"
"3964","282"
"3965","1637"
"3966","2261"
"3967","345"
"3968","655"
"3969","2342"
"3970","646"
"3971","687"
"3972","1305"
"3973","1640"
"3974","1176"
"3975","2119"
"3976","2427"
"3977","2615"
"3978","23"
"3979","2650"
"3980","1893"
"3981","944"
"3982","663"
"3983","329"
"3984","1196"
"3985","1085"
"3986","946"
"3987","3304"
"3988","1933"
"3989","558"
"3990","1272"
"3991","83"
"3992","1276"
"3993","2078"
"3994","1315"
"3995","2805"
"3996","781"
"3997","2789"
"3998","784"
"3999","1903"
"4000","276"
"4001","2351"
"4002","1508"
"4003","2454"
"4004","1090"
"4005","3315"
"4006","1444"
"4007","301"
"4008","1286"
"4009","2900"
"4010","517"
"4011","352"
"4012","1672"
"4013","1877"
"4014","709"
"4015","1180"
"4016","2339"
"4017","786"
"4018","833"
"4019","547"
"4020","195"
"4021","2280"
"4022","2096"
"4023","138"
"4024","1330"
"4025","1957"
"4026","3203"
"4027","1963"
"4028","1630"
"4029","1646"
"4030","2693"
"4031","938"
"4032","2780"
"4033","2980"
"4034","3201"
"4035","2510"
"4036","1529"
"4037","848"
"4038","1385"
"4039","2540"
"4040","2870"
"4041","1668"
"4042","789"
"4043","578"
"4044","693"
"4045","2860"
"4046","150"
"4047","3204"
"4048","3163"
"4049","1801"
"4050","346"
"4051","3152"
"4052","2387"
"4053","947"
"4054","568"
"4055","859"
"4056","1687"
"4057","147"
"4058","434"
"4059","1042"
"4060","3197"
"4061","305"
"4062","1618"
"4063","3289"
"4064","2011"
"4065","2530"
"4066","1939"
"4067","1350"
"4068","2250"
"4069","526"
"4070","2939"
"4071","648"
"4072","2777"
"4073","2058"
"4074","492"
"4075","1181"
"4076","1761"
"4077","552"
"4078","1576"
"4079","2476"
"4080","2526"
"4081","1254"
"4082","2844"
"4083","3278"
"4084","3130"
"4085","2997"
"4086","2968"
"4087","2222"
"4088","922"
"4089","2188"
"4090","2012"
"4091","1838"
"4092","2799"
"4093","2868"
"4094","314"
"4095","172"
"4096","2648"
"4097","1325"
"4098","1726"
"4099","1812"
"4100","2952"
"4101","1562"
"4102","81"
"4103","2859"
"4104","2842"
"4105","542"
"4106","2316"
"4107","3291"
"4108","816"
"4109","2548"
"4110","1859"
"4111","3179"
"4112","317"
"4113","2837"
"4114","2965"
"4115","389"
"4116","762"
"4117","1383"
"4118","425"
"4119","3054"
"4120","2976"
"4121","1332"
"4122","1122"
"4123","2141"
"4124","1569"
"4125","2312"
"4126","464"
"4127","2956"
"4128","571"
"4129","907"
"4130","3155"
"4131","1974"
"4132","2898"
"4133","1162"
"4134","3205"
"4135","1447"
"4136","2851"
"4137","2990"
"4138","905"
"4139","98"
"4140","2442"
"4141","1463"
"4142","2305"
"4143","1419"
"4144","1558"
"4145","1386"
"4146","836"
"4147","986"
"4148","8"
"4149","3206"
"4150","2662"
"4151","3342"
"4152","3077"
"4153","664"
"4154","2891"
"4155","2144"
"4156","1915"
"4157","1165"
"4158","3193"
"4159","3066"
"4160","482"
"4161","2251"
"4162","3"
"4163","1746"
"4164","1132"
"4165","1606"
"4166","613"
"4167","2464"
"4168","90"
"4169","1327"
"4170","2631"
"4171","2596"
"4172","2689"
"4173","2766"
"4174","250"
"4175","1523"
"4176","15"
"4177","539"
"4178","269"
"4179","2978"
"4180","1494"
"4181","2993"
"4182","1185"
"4183","979"
"4184","871"
"4185","1918"
"4186","500"
"4187","2732"
"4188","3338"
"4189","566"
"4190","241"
"4191","596"
"4192","476"
"4193","309"
"4194","2306"
"4195","1339"
"4196","837"
"4197","2625"
"4198","2168"
"4199","483"
"4200","2725"
"4201","3030"
"4202","3060"
"4203","2816"
"4204","2543"
"4205","2951"
"4206","688"
"4207","1454"
"4208","677"
"4209","3355"
"4210","770"
"4211","2775"
"4212","1563"
"4213","656"
"4214","1781"
"4215","148"
"4216","2899"
"4217","1749"
"4218","2864"
"4219","1817"
"4220","453"
"4221","2667"
"4222","2937"
"4223","497"
"4224","362"
"4225","1421"
"4226","2003"
"4227","1126"
"4228","322"
"4229","2829"
"4230","600"
"4231","2848"
"4232","577"
"4233","2987"
"4234","2329"
"4235","1187"
"4236","1628"
"4237","1227"
"4238","3044"
"4239","2116"
"4240","209"
"4241","3013"
"4242","799"
"4243","2376"
"4244","1548"
"4245","3271"
"4246","2910"
"4247","953"
"4248","1113"
"4249","2733"
"4250","11"
"4251","3134"
"4252","1547"
"4253","1280"
"4254","235"
"4255","2611"
"4256","2371"
"4257","1044"
"4258","256"
"4259","626"
"4260","45"
"4261","1881"
"4262","2924"
"4263","3180"
"4264","1678"
"4265","1450"
"4266","1291"
"4267","66"
"4268","2296"
"4269","3032"
"4270","3307"
"4271","2718"
"4272","454"
"4273","763"
"4274","2385"
"4275","2519"
"4276","1298"
"4277","1520"
"4278","2761"
"4279","3012"
"4280","1737"
"4281","3169"
"4282","456"
"4283","3168"
"4284","1037"
"4285","3025"
"4286","2412"
"4287","783"
"4288","1120"
"4289","3019"
"4290","2849"
"4291","1095"
"4292","2057"
"4293","2501"
"4294","1405"
"4295","1137"
"4296","3078"
"4297","3357"
"4298","385"
"4299","776"
"4300","2101"
"4301","3075"
"4302","1003"
"4303","2000"
"4304","426"
"4305","1067"
"4306","1620"
"4307","3273"
"4308","278"
"4309","1949"
"4310","931"
"4311","713"
"4312","620"
"4313","1355"
"4314","395"
"4315","587"
"4316","3170"
"4317","3252"
"4318","62"
"4319","3038"
"4320","406"
"4321","3068"
"4322","2440"
"4323","24"
"4324","1632"
"4325","2444"
"4326","398"
"4327","640"
"4328","3089"
"4329","1484"
"4330","1546"
"4331","1157"
"4332","758"
"4333","2905"
"4334","53"
"4335","1219"
"4336","1374"
"4337","851"
"4338","1769"
"4339","1657"
"4340","153"
"4341","2683"
"4342","511"
"4343","1648"
"4344","666"
"4345","174"
"4346","527"
"4347","154"
"4348","534"
"4349","714"
"4350","3022"
"4351","201"
"4352","1246"
"4353","2595"
"4354","460"
"4355","2314"
"4356","1542"
"4357","996"
"4358","1323"
"4359","55"
"4360","247"
"4361","1895"
"4362","1580"
"4363","261"
"4364","1410"
"4365","849"
"4366","2754"
"4367","2543"
"4368","1056"
"4369","2705"
"4370","2555"
"4371","2032"
"4372","176"
"4373","2684"
"4374","2626"
"4375","44"
"4376","3188"
"4377","2109"
"4378","1538"
"4379","1764"
"4380","2560"
"4381","1530"
"4382","1991"
"4383","603"
"4384","1729"
"4385","1059"
"4386","2301"
"4387","2421"
"4388","111"
"4389","604"
"4390","93"
"4391","701"
"4392","3167"
"4393","2573"
"4394","211"
"4395","679"
"4396","1244"
"4397","636"
"4398","1797"
"4399","3046"
"4400","162"
"4401","255"
"4402","2700"
"4403","2520"
"4404","1190"
"4405","1293"
"4406","2737"
"4407","1033"
"4408","1907"
"4409","3287"
"4410","1119"
"4411","2757"
"4412","219"
"4413","2904"
"4414","2852"
"4415","1911"
"4416","2557"
"4417","3047"
"4418","3328"
"4419","1600"
"4420","1451"
"4421","3183"
"4422","1958"
"4423","1785"
"4424","2110"
"4425","2498"
"4426","249"
"4427","2558"
"4428","2858"
"4429","512"
"4430","2794"
"4431","1509"
"4432","550"
"4433","3299"
"4434","1311"
"4435","25"
"4436","528"
"4437","719"
"4438","711"
"4439","3112"
"4440","2770"
"4441","1897"
"4442","149"
"4443","2750"
"4444","2034"
"4445","349"
"4446","2393"
"4447","2147"
"4448","882"
"4449","1256"
"4450","935"
"4451","101"
"4452","1401"
"4453","2291"
"4454","853"
"4455","1399"
"4456","2035"
"4457","203"
"4458","1846"
"4459","3318"
"4460","1607"
"4461","216"
"4462","225"
"4463","2184"
"4464","3244"
"4465","2183"
"4466","1026"
"4467","1070"
"4468","1882"
"4469","932"
"4470","2124"
"4471","2540"
"4472","1751"
"4473","1960"
"4474","3352"
"4475","2048"
"4476","3107"
"4477","3294"
"4478","924"
"4479","2055"
"4480","924"
"4481","96"
"4482","1174"
"4483","1294"
"4484","2043"
"4485","91"
"4486","689"
"4487","1439"
"4488","852"
"4489","1402"
"4490","1425"
"4491","239"
"4492","1831"
"4493","1886"
"4494","369"
"4495","2167"
"4496","2161"
"4497","1345"
"4498","829"
"4499","3310"
"4500","3276"
"4501","670"
"4502","556"
"4503","1823"
"4504","2094"
"4505","2394"
"4506","1177"
"4507","894"
"4508","1690"
"4509","1849"
"4510","1664"
"4511","2889"
"4512","1377"
"4513","2953"
"4514","160"
"4515","2806"
"4516","3087"
"4517","1565"
"4518","2935"
"4519","431"
"4520","2995"
"4521","9"
"4522","2366"
"4523","1967"
"4524","1481"
"4525","533"
"4526","2581"
"4527","3083"
"4528","632"
"4529","649"
"4530","1492"
"4531","1674"
"4532","621"
"4533","3285"
"4534","2699"
"4535","371"
"4536","2544"
"4537","1984"
"4538","2553"
"4539","1748"
"4540","1443"
"4541","21"
"4542","1519"
"4543","1264"
"4544","2687"
"4545","2438"
"4546","1910"
"4547","2172"
"4548","431"
"4549","2220"
"4550","1802"
"4551","3202"
"4552","443"
"4553","2609"
"4554","963"
"4555","1835"
"4556","2769"
"4557","634"
"4558","715"
"4559","1922"
"4560","2838"
"4561","177"
"4562","1282"
"4563","1488"
"4564","245"
"4565","2748"
"4566","2232"
"4567","432"
"4568","2598"
"4569","1875"
"4570","3049"
"4571","1816"
"4572","1566"
"4573","2208"
"4574","2363"
"4575","2252"
"4576","393"
"4577","739"
"4578","1104"
"4579","1693"
"4580","2533"
"4581","984"
"4582","2279"
"4583","1486"
"4584","2056"
"4585","1775"
"4586","518"
"4587","78"
"4588","1247"
"4589","1981"
"4590","462"
"4591","3207"
"4592","451"
"4593","378"
"4594","2822"
"4595","2151"
"4596","490"
"4597","684"
"4598","2434"
"4599","2075"
"4600","2465"
"4601","3065"
"4602","3216"
"4603","297"
"4604","3259"
"4605","1876"
"4606","1905"
"4607","2973"
"4608","2669"
"4609","3311"
"4610","182"
"4611","2516"
"4612","2321"
"4613","3178"
"4614","2373"
"4615","2455"
"4616","2234"
"4617","3343"
"4618","3191"
"4619","1479"
"4620","2423"
"4621","1745"
"4622","19"
"4623","2665"
"4624","1960"
"4625","2730"
"4626","2318"
"4627","2235"
"4628","2473"
"4629","2907"
"4630","1418"
"4631","1169"
"4632","41"
"4633","2219"
"4634","2302"
"4635","3263"
"4636","1143"
"4637","1782"
"4638","232"
"4639","856"
"4640","1301"
"4641","1819"
"4642","2597"
"4643","1848"
"4644","896"
"4645","644"
"4646","1732"
"4647","2981"
"4648","1204"
"4649","1535"
"4650","2123"
"4651","2514"
"4652","2944"
"4653","1556"
"4654","1604"
"4655","615"
"4656","2211"
"4657","503"
"4658","2139"
"4659","316"
"4660","990"
"4661","665"
"4662","2791"
"4663","1888"
"4664","220"
"4665","452"
"4666","1610"
"4667","2722"
"4668","1273"
"4669","94"
"4670","2537"
"4671","563"
"4672","2736"
"4673","2723"
"4674","244"
"4675","2923"
"4676","978"
"4677","2013"
"4678","2641"
"4679","1921"
"4680","416"
"4681","790"
"4682","606"
"4683","1738"
"4684","240"
"4685","1269"
"4686","3181"
"4687","3199"
"4688","3090"
"4689","659"
"4690","2845"
"4691","1310"
"4692","1456"
"4693","1203"
"4694","3084"
"4695","745"
"4696","1362"
"4697","2624"
"4698","1892"
"4699","2038"
"4700","804"
"4701","1141"
"4702","3249"
"4703","1171"
"4704","2575"
"4705","1078"
"4706","437"
"4707","2270"
"4708","1605"
"4709","1076"
"4710","1393"
"4711","2760"
"4712","1448"
"4713","1209"
"4714","1621"
"4715","840"
"4716","983"
"4717","2592"
"4718","2451"
"4719","1598"
"4720","2908"
"4721","47"
"4722","400"
"4723","3184"
"4724","2025"
"4725","1197"
"4726","1739"
"4727","3334"
"4728","10"
"4729","1178"
"4730","1868"
"4731","1773"
"4732","1438"
"4733","3212"
"4734","1912"
"4735","2810"
"4736","1941"
"4737","1158"
"4738","1982"
"4739","2082"
"4740","299"
"4741","2998"
"4742","2346"
"4743","2855"
"4744","455"
"4745","1878"
"4746","1489"
"4747","350"
"4748","869"
"4749","97"
"4750","2020"
"4751","589"
"4752","2726"
"4753","1114"
"4754","288"
"4755","2166"
"4756","2334"
"4757","1889"
"4758","599"
"4759","973"
"4760","1259"
"4761","1592"
"4762","2883"
"4763","3258"
"4764","1694"
"4765","1144"
"4766","123"
"4767","683"
"4768","3098"
"4769","3094"
"4770","2383"
"4771","450"
"4772","2462"
"4773","3333"
"4774","375"
"4775","1602"
"4776","351"
"4777","2221"
"4778","321"
"4779","1937"
"4780","1303"
"4781","1091"
"4782","200"
"4783","442"
"4784","2107"
"4785","3018"
"4786","1101"
"4787","1619"
"4788","3007"
"4789","971"
"4790","834"
"4791","300"
"4792","2671"
"4793","2112"
"4794","2081"
"4795","712"
"4796","1904"
"4797","3219"
"4798","1462"
"4799","1222"
"4800","60"
"4801","834"
"4802","2343"
"4803","3037"
"4804","1526"
"4805","343"
"4806","2617"
"4807","1661"
"4808","2580"
"4809","925"
"4810","1722"
"4811","546"
"4812","2014"
"4813","815"
"4814","2081"
"4815","2549"
"4816","1151"
"4817","88"
"4818","1758"
"4819","325"
"4820","1108"
"4821","723"
"4822","2660"
"4823","3238"
"4824","3288"
"4825","3353"
"4826","1733"
"4827","1378"
"4828","3313"
"4829","1266"
"4830","720"
"4831","3346"
"4832","1467"
"4833","3308"
"4834","3149"
"4835","2191"
"4836","1319"
"4837","1850"
"4838","2092"
"4839","2690"
"4840","662"
"4841","1914"
"4842","1046"
"4843","835"
"4844","1121"
"4845","2824"
"4846","2920"
"4847","396"
"4848","832"
"4849","1557"
"4850","1629"
"4851","1539"
"4852","645"
"4853","3061"
"4854","1230"
"4855","619"
"4856","3214"
"4857","1994"
"4858","2505"
"4859","1948"
"4860","1412"
"4861","2902"
"4862","2436"
"4863","811"
"4864","2696"
"4865","2826"
"4866","553"
"4867","1593"
"4868","2658"
"4869","80"
"4870","3034"
"4871","1408"
"4872","326"
"4873","1661"
"4874","444"
"4875","2925"
"4876","658"
"4877","2642"
"4878","1880"
"4879","2036"
"4880","981"
"4881","92"
"4882","1701"
"4883","747"
"4884","2233"
"4885","1366"
"4886","623"
"4887","2850"
"4888","1788"
"4889","58"
"4890","110"
"4891","2130"
"4892","1392"
"4893","3247"
"4894","530"
"4895","3221"
"4896","1779"
"4897","1820"
"4898","194"
"4899","2823"
"4900","2536"
"4901","2066"
"4902","2640"
"4903","1638"
"4904","529"
"4905","84"
"4906","486"
"4907","1549"
"4908","3157"
"4909","115"
"4910","30"
"4911","2192"
"4912","1359"
"4913","2050"
"4914","2037"
"4915","1457"
"4916","506"
"4917","822"
"4918","2614"
"4919","72"
"4920","1938"
"4921","515"
"4922","3133"
"4923","1561"
"4924","85"
"4925","2921"
"4926","647"
"4927","3356"
"4928","1686"
"4929","2943"
"4930","3213"
"4931","2578"
"4932","1363"
"4933","1685"
"4934","122"
"4935","1753"
"4936","68"
"4937","404"
"4938","925"
"4939","1649"
"4940","2446"
"4941","1874"
"4942","2788"
"4943","2063"
"4944","481"
"4945","1445"
"4946","1696"
"4947","178"
"4948","2135"
"4949","3274"
"4950","576"
"4951","2103"
"4952","2702"
"4953","2747"
"4954","1210"
"4955","2896"
"4956","2783"
"4957","2969"
"4958","1253"
"4959","3220"
"4960","1700"
"4961","1649"
"4962","1040"
"4963","1980"
"4964","2515"
"4965","76"
"4966","2497"
"4967","2853"
"4968","582"
"4969","1099"
"4970","275"
"4971","1541"
"4972","1034"
"4973","1232"
"4974","1469"
"4975","1128"
"4976","1623"
"4977","2767"
"4978","1474"
"4979","1851"
"4980","2182"
"4981","3097"
"4982","821"
"4983","1295"
"4984","2866"
"4985","3138"
"4986","1860"
"4987","926"
"4988","1978"
"4989","2756"
"4990","1471"
"4991","1727"
"4992","1094"
"4993","1541"
"4994","787"
"4995","2776"
"4996","3131"
"4997","1233"
"4998","2628"
"4999","2304"
"5000","2538"
"5001","1295"
"5002","2901"
"5003","2185"
"5004","1134"
"5005","3236"
"5006","2126"
"5007","2030"
"5008","2397"
"5009","3350"
"5010","2576"
"5011","1326"
"5012","361"
"5013","2651"
"5014","669"
"5015","2832"
"5016","1524"
"5017","867"
"5018","1191"
"5019","2756"
"5020","1890"
"5021","1612"
"5022","798"
"5023","271"
"5024","598"
"5025","3341"
"5026","1142"
"5027","2237"
"5028","2059"
"5029","2182"
"5030","136"
"5031","365"
"5032","1300"
"5033","180"
"5034","2115"
"5035","1978"
"5036","2916"
"5037","108"
"5038","3023"
"5039","228"
"5040","2763"
"5041","1459"
"5042","2901"
"5043","1525"
"5044","489"
"5045","1159"
"5046","3072"
"5047","2534"
"5048","382"
"5049","260"
"5050","1134"
"5051","669"
"5052","516"
"5053","1919"
"5054","1997"
"5055","1818"
"5056","2539"
"5057","3267"
"5058","2518"
"5059","2562"
"5060","311"
"5061","1590"
"5062","258"
"5063","2873"
"5064","3069"
"5065","725"
"5066","1575"
"5067","671"
"5068","1999"
"5069","2071"
"5070","2162"
"5071","2079"
"5072","1924"
"5073","217"
"5074","360"
"5075","493"
"5076","3270"
"5077","1129"
"5078","1527"
"5079","916"
"5080","180"
"5081","2331"
"5082","1625"
"5083","879"
"5084","445"
"5085","38"
"5086","1340"
"5087","1577"
"5088","1348"
"5089","2260"
"5090","1025"
"5091","185"
"5092","1805"
"5093","2551"
"5094","312"
"5095","1955"
"5096","469"
"5097","605"
"5098","2084"
"5099","2599"
"5100","1925"
"5101","2267"
"5102","1931"
"5103","1570"
"5104","2817"
"5105","2901"
"5106","1279"
"5107","2961"
"5108","1000"
"5109","2704"
"5110","2506"
"5111","1117"
"5112","2344"
"5113","1371"
"5114","57"
"5115","2474"
"5116","2818"
"5117","1490"
"5118","767"
"5119","2122"
"5120","383"
"5121","3091"
"5122","1822"
"5123","3151"
"5124","2760"
"5125","3036"
"5126","2556"
"5127","2587"
"5128","2649"
"5129","3002"
"5130","612"
"5131","33"
"5132","3166"
"5133","388"
"5134","3143"
"5135","850"
"5136","1756"
"5137","1614"
"5138","1484"
"5139","2212"
"5140","591"
"5141","1624"
"5142","2031"
"5143","2876"
"5144","900"
"5145","332"
"5146","484"
"5147","2895"
"5148","3354"
"5149","386"
"5150","3349"
"5151","794"
"5152","1834"
"5153","1341"
"5154","2253"
"5155","1435"
"5156","540"
"5157","2717"
"5158","2906"
"5159","2405"
"5160","2129"
"5161","988"
"5162","2400"
"5163","2414"
"5164","1743"
"5165","2117"
"5166","2602"
"5167","2435"
"5168","1107"
"5169","2682"
"5170","1017"
"5171","1691"
"5172","959"
"5173","823"
"5174","2830"
"5175","1130"
"5176","1995"
"5177","2517"
"5178","1329"
"5179","3158"
"5180","2335"
"5181","1659"
"5182","1804"
"5183","18"
"5184","673"
"5185","2265"
"5186","1134"
"5187","2758"
"5188","2417"
"5189","2203"
"5190","1986"
"5191","1283"
"5192","446"
"5193","140"
"5194","740"
"5195","1976"
"5196","2682"
"5197","3099"
"5198","59"
"5199","2313"
"5200","991"
"5201","188"
"5202","772"
"5203","798"
"5204","266"
"5205","2819"
"5206","3354"
"5207","1226"
"5208","1573"
"5209","1651"
"5210","2439"
"5211","1066"
"5212","897"
"5213","2044"
"5214","2081"
"5215","1968"
"5216","782"
"5217","1651"
"5218","86"
"5219","2331"
"5220","2915"
"5221","1175"
"5222","1155"
"5223","2347"
"5224","1100"
"5225","3109"
"5226","3015"
"5227","459"
"5228","1188"
"5229","364"
"5230","1304"
"5231","572"
"5232","2053"
"5233","2354"
"5234","372"
"5235","1182"
"5236","2236"
"5237","3175"
"5238","302"
"5239","733"
"5240","1"
"5241","3187"
"5242","3093"
"5243","157"
"5244","1226"
"5245","3141"
"5246","2492"
"5247","792"
"5248","183"
"5249","2077"
"5250","660"
"5251","930"
"5252","809"
"5253","912"
"5254","2278"
"5255","957"
"5256","214"
"5257","1277"
"5258","911"
"5259","617"
"5260","262"
"5261","428"
"5262","422"
"5263","588"
"5264","2289"
"5265","2353"
"5266","2661"
"5267","1004"
"5268","2131"
"5269","1261"
"5270","2793"
"5271","3092"
"5272","1992"
"5273","2431"
"5274","694"
"5275","447"
"5276","1133"
"5277","2180"
"5278","387"
"5279","2389"
"5280","97"
"5281","2643"
"5282","60"
"5283","2781"
"5284","3052"
"5285","2739"
"5286","2772"
"5287","163"
"5288","861"
"5289","1235"
"5290","2372"
"5291","2004"
"5292","2213"
"5293","320"
"5294","1735"
"5295","576"
"5296","887"
"5297","2525"
"5298","730"
"5299","1936"
"5300","1068"
"5301","130"
"5302","2877"
"5303","414"
"5304","1047"
"5305","2317"
"5306","690"
"5307","570"
"5308","1650"
"5309","2521"
"5310","1226"
"5311","340"
"5312","1719"
"5313","2706"
"5314","2133"
"5315","820"
"5316","569"
"5317","1601"
"5318","2430"
"5319","797"
"5320","1883"
"5321","1670"
"5322","1074"
"5323","968"
"5324","1969"
"5325","1917"
"5326","5"
"5327","2087"
"5328","246"
"5329","504"
"5330","651"
"5331","507"
"5332","2762"
"5333","2846"
"5334","2080"
"5335","1149"
"5336","1863"
"5337","2960"
"5338","2629"
"5339","1110"
"5340","1052"
"5341","3241"
"5342","514"
"5343","2919"
"5344","2214"
"5345","880"
"5346","2292"
"5347","2083"
"5348","1172"
"5349","1049"
"5350","2206"
"5351","2223"
"5352","3150"
"5353","2542"
"5354","2273"
"5355","1314"
"5356","1356"
"5357","752"
"5358","1634"
"5359","1647"
"5360","779"
"5361","1996"
"5362","2422"
"5363","2411"
"5364","817"
"5365","674"
"5366","1262"
"5367","609"
"5368","1740"
"5369","1316"
"5370","1278"
"5371","3126"
"5372","3128"
"5373","1357"
"5374","1667"
"5375","2941"
"5376","3008"
"5377","1223"
"5378","2566"
"5379","2966"
"5380","950"
"5381","384"
"5382","2909"
"5383","1532"
"5384","2002"
"5385","1423"
"5386","1626"
"5387","2489"
"5388","1336"
"5389","2200"
"5390","496"
"5391","35"
"5392","1731"
"5393","1267"
"5394","913"
"5395","2977"
"5396","2457"
"5397","974"
"5398","2784"
"5399","3281"
"5400","521"
"5401","1241"
"5402","2927"
"5403","785"
"5404","2800"
"5405","2607"
"5406","2570"
"5407","2118"
"5408","3081"
"5409","1505"
"5410","354"
"5411","2328"
"5412","218"
"5413","1161"
"5414","370"
"5415","1597"
"5416","1998"
"5417","901"
"5418","1006"
"5419","2972"
"5420","1173"
"5421","995"
"5422","277"
"5423","334"
"5424","358"
"5425","1116"
"5426","2401"
"5427","215"
"5428","16"
"5429","1011"
"5430","2195"
"5431","1885"
"5432","143"
"5433","2948"
"5434","2825"
"5435","2172"
"5436","1652"
"5437","124"
"5438","686"
"5439","982"
"5440","457"
"5441","2357"
"5442","1136"
"5443","491"
"5444","435"
"5445","717"
"5446","251"
"5447","412"
"5448","643"
"5449","1442"
"5450","706"
"5451","1591"
"5452","1553"
"5453","1248"
"5454","1029"
"5455","2885"
"5456","1473"
"5457","7"
"5458","2008"
"5459","3074"
"5460","165"
"5461","3335"
"5462","2374"
"5463","949"
"5464","1478"
"5465","319"
"5466","109"
"5467","2636"
"5468","2672"
"5469","2620"
"5470","2559"
"5471","2294"
"5472","1363"
"5473","2039"
"5474","54"
"5475","892"
"5476","1081"
"5477","1943"
"5478","1274"
"5479","99"
"5480","2409"
"5481","1096"
"5482","1677"
"5483","2355"
"5484","827"
"5485","2485"
"5486","2432"
"5487","3147"
"5488","1487"
"5489","927"
"5490","1200"
"5491","2072"
"5492","1465"
"5493","1186"
"5494","2178"
"5495","3070"
"5496","931"
"5497","2507"
"5498","554"
"5499","212"
"5500","2839"
"5501","2630"
"5502","3351"
"5503","943"
"5504","1138"
"5505","2111"
"5506","3000"
"5507","397"
"5508","2482"
"5509","2719"
"5510","3057"
"5511","735"
"5512","2040"
"5513","1844"
"5514","2759"
"5515","1236"
"5516","2729"
"5517","2099"
"5518","3339"
"5519","593"
"5520","1970"
"5521","230"
"5522","1993"
"5523","2227"
"5524","1075"
"5525","1680"
"5526","3348"
"5527","766"
"5528","2207"
"5529","1032"
"5530","120"
"5531","338"
"5532","12"
"5533","3295"
"5534","1533"
"5535","1704"
"5536","1346"
"5537","26"
"5538","525"
"5539","2238"
"5540","1923"
"5541","934"
"5542","291"
"5543","2985"
"5544","2836"
"5545","1513"
"5546","777"
"5547","3329"
"5548","2741"
"5549","2148"
"5550","2887"
"5551","1826"
"5552","3225"
"5553","1961"
"5554","1560"
"5555","1022"
"5556","3137"
"5557","3024"
"5558","2710"
"5559","838"
"5560","2320"
"5561","1394"
"5562","2786"
"5563","2693"
"5564","1870"
"5565","1432"
"5566","3059"
"5567","144"
"5568","1369"
"5569","2714"
"5570","1578"
"5571","1940"
"5572","2796"
"5573","2680"
"5574","1255"
"5575","960"
"5576","2216"
"5577","3208"
"5578","1436"
"5579","1777"
"5580","661"
"5581","463"
"5582","2731"
"5583","1413"
"5584","287"
"5585","3165"
"5586","1767"
"5587","2241"
"5588","522"
"5589","1498"
"5590","1124"
"5591","2307"
"5592","520"
"5593","2152"
"5594","1559"
"5595","259"
"5596","1317"
"5597","2340"
"5598","2277"
"5599","1375"
"5600","1702"
"5601","3251"
"5602","951"
"5603","555"
"5604","2303"
"5605","1752"
"5606","696"
"5607","1470"
"5608","166"
"5609","2828"
"5610","3266"
"5611","1426"
"5612","3230"
"5613","3344"
"5614","2445"
"5615","283"
"5616","1252"
"5617","2807"
"5618","2545"
"5619","610"
"5620","2309"
"5621","1795"
"5622","1364"
"5623","2179"
"5624","29"
"5625","3053"
"5626","2073"
"5627","1192"
"5628","999"
"5629","3325"
"5630","1020"
"5631","1352"
"5632","3104"
"5633","202"
"5634","2550"
"5635","2897"
"5636","573"
"5637","1005"
"5638","1092"
"5639","46"
"5640","2882"
"5641","2022"
"5642","3120"
"5643","2586"
"5644","1799"
"5645","1975"
"5646","3039"
"5647","891"
"5648","753"
"5649","942"
"5650","535"
"5651","875"
"5652","993"
"5653","1287"
"5654","2276"
"5655","3117"
"5656","355"
"5657","2336"
"5658","775"
"5659","1841"
"5660","2644"
"5661","2019"
"5662","2478"
"5663","2467"
"5664","1766"
"5665","2986"
"5666","2738"
"5667","831"
"5668","142"
"5669","1440"
"5670","1168"
"5671","3297"
"5672","2785"
"5673","2156"
"5674","700"
"5675","473"
"5676","795"
"5677","575"
"5678","698"
"5679","1564"
"5680","567"
"5681","2744"
"5682","2322"
"5683","3073"
"5684","718"
"5685","2608"
"5686","1184"
"5687","1387"
"5688","303"
"5689","1584"
"5690","2362"
"5691","2388"
"5692","2572"
"5693","3042"
"5694","1658"
"5695","3242"
"5696","1349"
"5697","3040"
"5698","1265"
"5699","3026"
"5700","1554"
"5701","2425"
"5702","1545"
"5703","866"
"5704","1916"
"5705","2319"
"5706","126"
"5707","1971"
"5708","970"
"5709","407"
"5710","2582"
"5711","186"
"5712","2679"
"5713","729"
"5714","1712"
"5715","253"
"5716","2327"
"5717","100"
"5718","994"
"5719","1699"
"5720","3243"
"5721","2480"
"5722","1856"
"5723","2708"
"5724","2150"
"5725","1139"
"5726","524"
"5727","3050"
"5728","2495"
"5729","2361"
"5730","731"
"5731","872"
"5732","1534"
"5733","1927"
"5734","3168"
"5735","417"
"5736","204"
"5737","1365"
"5738","155"
"5739","1898"
"5740","3144"
"5741","893"
"5742","324"
"5743","1495"
"5744","390"
"5745","1012"
"5746","2579"
"5747","2645"
"5748","627"
"5749","173"
"5750","1946"
"5751","2664"
"5752","2158"
"5753","380"
"5754","2703"
"5755","1780"
"5756","608"
"5757","2854"
"5758","1639"
"5759","2453"
"5760","3305"
"5761","3132"
"5762","458"
"5763","2415"
"5764","3332"
"5765","1571"
"5766","3223"
"5767","280"
"5768","2821"
"5769","1306"
"5770","3182"
"5771","1807"
"5772","2408"
"5773","885"
"5774","989"
"5775","2369"
"5776","3211"
"5777","2529"
"5778","2023"
"5779","2201"
"5780","2113"
"5781","2486"
"5782","1791"
"5783","2797"
"5784","2256"
"5785","3185"
"5786","1709"
"5787","2913"
"5788","335"
"5789","678"
"5790","3198"
"5791","164"
"5792","2231"
"5793","134"
"5794","3256"
"5795","652"
"5796","3153"
"5797","3272"
"5798","2494"
"5799","1224"
"5800","1351"
"5801","2695"
"5802","3222"
"5803","1238"
"5804","2015"
"5805","536"
"5806","3067"
"5807","2685"
"5808","768"
"5809","2132"
"5810","1662"
"5811","814"
"5812","3196"
"5813","2047"
"5814","1643"
"5815","1370"
"5816","1242"
"5817","376"
"5818","2984"
"5819","1452"
"5820","306"
"5821","3119"
"5822","807"
"5823","3228"
"5824","494"
"5825","519"
"5826","2041"
"5827","359"
"5828","2490"
"5829","3321"
"5830","2242"
"5831","3160"
"5832","1906"
"5833","1223"
"5834","964"
"5835","1899"
"5836","1164"
"5837","614"
"5838","1334"
"5839","2093"
"5840","356"
"5841","208"
"5842","1312"
"5843","477"
"5844","2949"
"5845","2862"
"5846","2333"
"5847","48"
"5848","1217"
"5849","921"
"5850","2612"
"5851","3316"
"5852","3162"
"5853","976"
"5854","548"
"5855","2745"
"5856","1703"
"5857","1681"
"5858","1528"
"5859","242"
"5860","2503"
"5861","2323"
"5862","2330"
"5863","2091"
"5864","1218"
"5865","1309"
"5866","3171"
"5867","74"
"5868","408"
"5869","1163"
"5870","2999"
"5871","470"
"5872","3043"
"5873","248"
"5874","1934"
"5875","2384"
"5876","2500"
"5877","392"
"5878","1140"
"5879","1613"
"5880","313"
"5881","3301"
"5882","2815"
"5883","2970"
"5884","1361"
"5885","883"
"5886","323"
"5887","2143"
"5888","2634"
"5889","2297"
"5890","1891"
"5891","2912"
"5892","3055"
"5893","1500"
"5894","1873"
"5895","1587"
"5896","175"
"5897","1183"
"5898","1360"
"5899","602"
"5900","1396"
"5901","863"
"5902","2635"
"5903","273"
"5904","1715"
"5905","3257"
"5906","3045"
"5907","3139"
"5908","1038"
"5909","62"
"5910","1836"
"5911","2225"
"5912","17"
"5913","2398"
"5914","1653"
"5915","1682"
"5916","3021"
"5917","381"
"5918","1821"
"5919","3108"
"5920","780"
"5921","70"
"5922","1380"
"5923","284"
"5924","1952"
"5925","28"
"5926","1784"
"5927","637"
"5928","2863"
"5929","2963"
"5930","1944"
"5931","2929"
"5932","2186"
"5933","561"
"5934","36"
"5935","2605"
"5936","1009"
"5937","499"
"5938","1550"
"5939","2584"
"5940","2637"
"5941","1275"
"5942","461"
"5943","2458"
"5944","2720"
"5945","2254"
"5946","2988"
"5947","2922"
"5948","2786"
"5949","328"
"5950","286"
"5951","2064"
"5952","3186"
"5953","1608"
"5954","474"
"5955","3306"
"5956","1730"
"5957","51"
"5958","1531"
"5959","1671"
"5960","845"
"5961","2827"
"5962","167"
"5963","1103"
"5964","1581"
"5965","1721"
"5966","2778"
"5967","1689"
"5968","2024"
"5969","560"
"5970","760"
"5971","22"
"5972","1869"
"5973","234"
"5974","1959"
"5975","1050"
"5976","2670"
"5977","846"
"5978","1567"
"5979","2249"
"5980","812"
"5981","1942"
"5982","513"
"5983","1977"
"5984","281"
"5985","483"
"5986","1736"
"5987","738"
"5988","1270"
"5989","1767"
"5990","1308"
"5991","2713"
"5992","121"
"5993","2271"
"5994","2946"
"5995","1087"
"5996","116"
"5997","327"
"5998","2358"
"5999","2230"
"6000","3062"
"6001","495"
"6002","2881"
"6003","2890"
"6004","2964"
"6005","3161"
"6006","702"
"6007","2613"
"6008","1837"
"6009","1872"
"6010","3113"
"6011","2652"
"6012","1793"
"6013","363"
"6014","2170"
"6015","1243"
"6016","1461"
"6017","857"
"6018","2100"
"6019","1829"
"6020","2606"
"6021","1744"
"6022","2808"
"6023","1250"
"6024","1683"
"6025","1926"
"6026","341"
"6027","3135"
"6028","2871"
"6029","2062"
"6030","310"
"6031","3275"
"6032","1615"
"6033","1189"
"6034","2779"
"6035","622"
"6036","2341"
"6037","3345"
"6038","1879"
"6039","967"
"6040","2508"
"6041","2140"
"6042","135"
"6043","2869"
"6044","1666"
"6045","1789"
"6046","252"
"6047","2879"
"6048","1684"
"6049","2157"
"6050","1416"
"6051","884"
"6052","1008"
"6053","1382"
"6054","2"
"6055","1166"
"6056","2349"
"6057","2523"
"6058","3096"
"6059","1862"
"6060","282"
"6061","1239"
"6062","751"
"6063","803"
"6064","1827"
"6065","2350"
"6066","1521"
"6067","1027"
"6068","2173"
"6069","1064"
"6070","3300"
"6071","439"
"6072","3340"
"6073","2820"
"6074","1536"
"6075","655"
"6076","2229"
"6077","1507"
"6078","773"
"6079","2461"
"6080","818"
"6081","2583"
"6082","908"
"6083","1947"
"6084","1211"
"6085","1759"
"6086","2145"
"6087","2928"
"6088","294"
"6089","800"
"6090","1770"
"6091","3265"
"6092","2940"
"6093","184"
"6094","231"
"6095","685"
"6096","1464"
"6097","3003"
"6098","79"
"6099","1441"
"6100","1768"
"6101","914"
"6102","743"
"6103","2751"
"6104","2603"
"6105","586"
"6106","2021"
"6107","221"
"6108","2042"
"6109","2018"
"6110","2932"
"6111","754"
"6112","1679"
"6113","2190"
"6114","379"
"6115","3296"
"6116","876"
"6117","118"
"6118","1036"
"6119","2764"
"6120","2114"
"6121","3148"
"6122","1956"
"6123","2601"
"6124","1574"
"6125","1972"
"6126","95"
"6127","1491"
"6128","1645"
"6129","152"
"6130","2057"
"6131","2812"
"6132","2470"
"6133","1491"
"6134","1543"
"6135","707"
"6136","1160"
"6137","279"
"6138","2509"
"6139","1783"
"6140","429"
"6141","1501"
"6142","2441"
"6143","2698"
"6144","296"
"6145","2394"
"6146","902"
"6147","2798"
"6148","106"
"6149","1504"
"6150","1568"
"6151","1790"
"6152","3173"
"6153","227"
"6154","2931"
"6155","1097"
"6156","924"
"6157","1014"
"6158","1135"
"6159","1806"
"6160","2955"
"6161","1852"
"6162","1832"
"6163","158"
"6164","2061"
"6165","2711"
"6166","1202"
"6167","2121"
"6168","2067"
"6169","1871"
"6170","2574"
"6171","1586"
"6172","1723"
"6173","1839"
"6174","2204"
"6175","1592"
"6176","2554"
"6177","333"
"6178","1111"
"6179","1407"
"6180","71"
"6181","2090"
"6182","2678"
"6183","478"
"6184","2324"
"6185","1051"
"6186","2390"
"6187","2632"
"6188","985"
"6189","485"
"6190","1930"
"6191","1901"
"6192","298"
"6193","1631"
"6194","2172"
"6195","562"
"6196","2045"
"6197","937"
"6198","104"
"6199","2209"
"6200","1760"
"6201","3123"
"6202","1028"
"6203","1633"
"6204","537"
"6205","3262"
"6206","1466"
"6207","755"
"6208","2360"
"6209","948"
"6210","3248"
"6211","2950"
"6212","1215"
"6213","415"
"6214","2930"
"6215","1112"
"6216","2893"
"6217","2496"
"6218","1589"
"6219","1929"
"6220","830"
"6221","1023"
"6222","125"
"6223","2070"
"6224","2479"
"6225","1676"
"6226","2892"
"6227","987"
"6228","531"
"6229","2600"
"6230","2379"
"6231","2447"
"6232","839"
"6233","1390"
"6234","538"
"6235","667"
"6236","401"
"6237","3110"
"6238","1178"
"6239","2009"
"6240","146"
"6241","1964"
"6242","952"
"6243","1145"
"6244","1318"
"6245","196"
"6246","1644"
"6247","1503"
"6248","344"
"6249","2774"
"6250","1206"
"6251","1146"
"6252","1427"
"6253","1468"
"6254","190"
"6255","137"
"6256","3085"
"6257","1884"
"6258","105"
"6259","2857"
"6260","3177"
"6261","1234"
"6262","1636"
"6263","1153"
"6264","159"
"6265","1828"
"6266","653"
"6267","2884"
"6268","583"
"6269","992"
"6270","2792"
"6271","1710"
"6272","2847"
"6273","348"
"6274","2653"
"6275","3209"
"6276","2675"
"6277","1497"
"6278","2128"
"6279","796"
"6280","3182"
"6281","1223"
"6282","1320"
"6283","3080"
"6284","2466"
"6285","695"
"6286","82"
"6287","1514"
"6288","748"
"6289","2813"
"6290","2535"
"6291","479"
"6292","2005"
"6293","2325"
"6294","2749"
"6295","2475"
"6296","1105"
"6297","1148"
"6298","2639"
"6299","826"
"6300","1281"
"6301","3189"
"6302","2287"
"6303","870"
"6304","2483"
"6305","1842"
"6306","2709"
"6307","2589"
"6308","961"
"6309","1379"
"6310","391"
"6311","1609"
"6312","668"
"6313","579"
"6314","67"
"6315","3121"
"6316","3337"
"6317","1082"
"6318","1367"
"6319","268"
"6320","1053"
"6321","1706"
"6322","27"
"6323","1368"
"6324","2298"
"6325","3264"
"6326","409"
"6327","749"
"6328","889"
"6329","1245"
"6330","3048"
"6331","584"
"6332","1987"
"6333","34"
"6334","198"
"6335","53"
"6336","2269"
"6337","1119"
"6338","809"
"6339","657"
"6340","223"
"6341","1381"
"6342","3347"
"6343","3102"
"6344","1414"
"6345","1437"
"6346","868"
"6347","1216"
"6348","472"
"6349","963"
"6350","1015"
"6351","641"
"6352","2104"
"6353","1716"
"6354","2205"
"6355","2647"
"6356","2735"
"6357","1698"
"6358","939"
"6359","3082"
"6360","1376"
"6361","1483"
"6362","2782"
"6363","1124"
"6364","736"
"6365","501"
"6366","337"
"6367","3140"
"6368","2332"
"6369","1966"
"6370","127"
"6371","2945"
"6372","3016"
"6373","1724"
"6374","315"
"6375","2547"
"6376","1954"
"6377","1979"
"6378","1031"
"6379","2459"
"6380","2773"
"6381","112"
"6382","1213"
"6383","1194"
"6384","467"
"6385","726"
"6386","3063"
"6387","2194"
"6388","3156"
"6389","480"
"6390","2564"
"6391","207"
"6392","2917"
"6393","564"
"6394","1428"
"6395","581"
"6396","1335"
"6397","933"
"6398","509"
"6399","411"
"6400","1284"
"6401","2286"
"6402","1002"
"6403","2610"
"6404","2487"
"6405","1299"
"6406","3124"
"6407","3033"
"6408","2171"
"6409","1285"
"6410","145"
"6411","2946"
"6412","2790"
"6413","419"
"6414","2786"
"6415","263"
"6416","229"
"6417","3159"
"6418","1115"
"6419","1673"
"6420","483"
"6421","639"
"6422","802"
"6423","1403"
"6424","448"
"6425","2187"
"6426","544"
"6427","1290"
"6428","2991"
"6429","274"
"6430","810"
"6431","1073"
"6432","928"
"6433","1263"
"6434","68"
"6435","881"
"6436","1069"
"6437","2460"
"6438","710"
"6439","940"
"6440","1167"
"6441","2831"
"6442","1453"
"6443","3035"
"6444","1240"
"6445","734"
"6446","1811"
"6447","2599"
"6448","691"
"6449","1688"
"6450","1935"
"6451","119"
"6452","1149"
"6453","724"
"6454","1088"
"6455","1622"
"6456","909"
"6457","622"
"6458","270"
"6459","2082"
"6460","2724"
"6461","2670"
"6462","3245"
"6463","357"
"6464","14"
"6465","977"
"6466","2016"
"6467","756"
"6468","2076"
"6469","2240"
"6470","1193"
"6471","972"
"6472","630"
"6473","862"
"6474","2177"
"6475","2248"
"6476","858"
"6477","2569"
"6478","2282"
"6479","1041"
"6480","708"
"6481","128"
"6482","1337"
"6483","2274"
"6484","1754"
"6485","103"
"6486","2367"
"6487","2726"
"6488","1398"
"6489","2491"
"6490","750"
"6491","1655"
"6492","466"
"6493","2450"
"6494","1021"
"6495","2585"
"6496","37"
"6497","1411"
"6498","73"
"6499","3232"
"6500","860"
"6501","2095"
"6502","2153"
"6503","292"
"6504","3314"
"6505","1711"
"6506","1455"
"6507","2154"
"6508","2657"
"6509","793"
"6510","2345"
"6511","2386"
"6512","1331"
"6513","1833"
"6514","2697"
"6515","2202"
"6516","3127"
"6517","61"
"6518","2481"
"6519","420"
"6520","1516"
"6521","2264"
"6522","629"
"6523","742"
"6524","1198"
"6525","1665"
"6526","817"
"6527","2136"
"6528","1212"
"6529","2356"
"6530","3234"
"6531","2046"
"6532","1750"
"6533","2468"
"6534","3027"
"6535","2370"
"6536","39"
"6537","1055"
"6538","878"
"6539","2416"
"6540","2962"
"6541","2894"
"6542","2433"
"6543","2255"
"6544","2029"
"6545","2969"
"6546","52"
"6547","3239"
"6548","1342"
"6549","4"
"6550","2901"
"6551","2515"
"6552","49"
"6553","2534"
"6554","2026"
"6555","2134"
"6556","2497"
"6557","1765"
"6558","382"
"6559","330"
"6560","2616"
"6561","1978"
"6562","2936"
"6563","3229"
"6564","1102"
"6565","449"
"6566","1762"
"6567","2049"
"6568","3154"
"6569","2471"
"6570","339"
"6571","3056"
"6572","1853"
"6573","2397"
"6574","1774"
"6575","1515"
"6576","2275"
"6577","1590"
"6578","764"
"6579","1458"
"6580","2299"
"6581","2752"
"6582","2028"
"6583","2801"
"6584","3115"
"6585","1582"
"6586","2655"
"6587","1772"
"6588","2440"
"6589","3166"
"6590","114"
"6591","1054"
"6592","2717"
"6593","1372"
"6594","2933"
"6595","2727"
"6596","585"
"6597","2843"
"6598","1792"
"6599","438"
"6600","2396"
"6601","1499"
"6602","924"
"6603","813"
"6604","136"
"6605","1084"
"6606","3218"
"6607","864"
"6608","2677"
"6609","1713"
"6610","2054"
"6611","179"
"6612","2307"
"6613","1260"
"6614","1594"
"6615","161"
"6616","1552"
"6617","2524"
"6618","1018"
"6619","1524"
"6620","3336"
"6621","295"
"6622","3237"
"6623","1598"
"6624","642"
"6625","3192"
"6626","1695"
"6627","1588"
"6628","2007"
"6629","2753"
"6630","3088"
"6631","2577"
"6632","3103"
"6633","1333"
"6634","475"
"6635","532"
"6636","3277"
"6637","590"
"6638","2262"
"6639","1152"
"6640","3011"
"6641","2880"
"6642","540"
"6643","980"
"6644","366"
"6645","3064"
"6646","1603"
"6647","2646"
"6648","2086"
"6649","2918"
"6650","3215"
"6651","3041"
"6652","2622"
"6653","2308"
"6654","2289"
"6655","1747"
"6656","1479"
"6657","628"
"6658","2989"
"6659","2088"
"6660","3028"
"6661","77"
"6662","676"
"6663","2814"
"6664","2359"
"6665","107"
"6666","2051"
"6667","3071"
"6668","2429"
"6669","2419"
"6670","1902"
"6671","2239"
"6672","3327"
"6673","1388"
"6674","2281"
"6675","487"
"6676","1270"
"6677","1761"
"6678","945"
"6679","3330"
"6680","2259"
"6681","675"
"6682","1953"
"6683","682"
"6684","1013"
"6685","2085"
"6686","3111"
"6687","2565"
"6688","3226"
"6689","1599"
"6690","3253"
"6691","1864"
"6692","1894"
"6693","3001"
"6694","2974"
"6695","468"
"6696","915"
"6697","2060"
"6698","410"
"6699","2181"
"6700","877"
"6701","903"
"6702","929"
"6703","1039"
"6704","2017"
"6705","2588"
"6706","746"
"6707","233"
"6708","2688"
"6709","2443"
"6710","2804"
"6711","1251"
"6712","3217"
"6713","2247"
"6714","2568"
"6715","488"
"6716","543"
"6717","1796"
"6718","1583"
"6719","1392"
"6720","1616"
"6721","508"
"6722","2716"
"6723","1584"
"6724","2218"
"6725","3136"
"6726","1093"
"6727","2137"
"6728","1990"
"6729","224"
"6730","2001"
"6731","2958"
"6732","1496"
"6733","1429"
"6734","2633"
"6735","1406"
"6736","828"
"6737","2368"
"6738","2428"
"6739","2069"
"6740","510"
"6741","998"
"6742","1344"
"6743","769"
"6744","3283"
"6745","1800"
"6746","855"
"6747","191"
"6748","1572"
"6749","367"
"6750","50"
"6751","2874"
"6752","139"
"6753","3227"
"6754","2365"
"6755","1810"
"6756","2728"
"6757","205"
"6758","1221"
"6759","2406"
"6760","440"
"6761","1843"
"6762","2352"
"6763","2477"
"6764","3095"
"6765","89"
"6766","1555"
"6767","1307"
"6768","757"
"6769","741"
"6770","1845"
"6771","3100"
"6772","402"
"6773","1313"
"6774","2591"
"6775","2424"
"6776","1635"
"6777","2378"
"6778","2176"
"6779","2120"
"6780","573"
"6781","761"
"6782","355"
"6783","2268"
"6784","2426"
"6785","2293"
"6786","2638"
"6787","765"
"6788","290"
"6789","1510"
"6790","1257"
"6791","2623"
"6792","193"
"6793","3172"
"6794","423"
"6795","2326"
"6796","1656"
"6797","132"
"6798","3172"
"6799","1297"
"6800","265"
"6801","549"
"6802","2590"
"6803","1109"
"6804","2174"
"6805","421"
"6806","1268"
"6807","650"
"6808","2052"
"6809","3105"
"6810","3323"
"6811","759"
"6812","1579"
"6813","3279"
"6814","1825"
"6815","394"
"6816","1347"
"6817","844"
"6818","2668"
"6819","2449"
"6820","1214"
"6821","955"
"6822","2768"
"6823","1824"
"6824","84"
"6825","854"
"6826","2068"
"6827","1147"
"6828","2155"
"6829","1502"
"6830","2146"
"6831","2437"
"6832","2399"
"6833","2244"
"6834","805"
"6835","1983"
"6836","737"
"6837","1763"
"6838","1945"
"6839","2266"
"6840","975"
"6841","631"
"6842","1714"
"6843","3246"
"6844","1794"
"6845","1430"
"6846","1830"
"6847","347"
"6848","2527"
"6849","206"
"6850","113"
"6851","1813"
"6852","1517"
"6853","1908"
"6854","2493"
